"path","kind","category","bytes","sha256","duplicate_group","referenced","provenance_status","license_spdx","author","source_page","intended_use","notes"
"assets/buildings/altar_stone.png","texture","buildings","1165","5e3f2df3fd39274cb4c9298aed248bc8b0081de10dbc4c777792e57ea5f1111b","","True","QUARANTINE","UNKNOWN","","","current-runtime","Existing file; origin and redistribution rights not yet verified."
"assets/buildings/anvil.png","texture","buildings","276","9df4d735d5a2215cc5a52d998ab9d1632639822151d86111a2126bd074d06207","","True","QUARANTINE","UNKNOWN","","","current-runtime","Existing file; origin and redistribution rights not yet verified."
"assets/buildings/chest_wood.png","texture","buildings","569","e58ddaa6464fb2a6b4e9c5f9f94ee3203f8840b9af3d318e7e9104785b1ab389","","True","QUARANTINE","UNKNOWN","","","current-runtime","Existing file; origin and redistribution rights not yet verified."
"assets/buildings/compost_bin.png","texture","buildings","345","5d7df071b956834a0ca421dc6284a03d9fef37a01c46f1f7029c44fa56b6a09a","","True","QUARANTINE","UNKNOWN","","","current-runtime","Existing file; origin and redistribution rights not yet verified."
"assets/buildings/cooking_pot.png","texture","buildings","418","42a33cf6ebae8fc3013b60175858760af43309e1da752061eb36bdc817b502bf","","True","QUARANTINE","UNKNOWN","","","current-runtime","Existing file; origin and redistribution rights not yet verified."
"assets/buildings/feed_barrel.png","texture","buildings","489","dd98dd267096f4410dae964b5c8de123428596c2f6be43686da7ae4fa66e8098","","True","QUARANTINE","UNKNOWN","","","current-runtime","Existing file; origin and redistribution rights not yet verified."
"assets/buildings/food_trough.png","texture","buildings","413","89046bb08387c56e168b9aa9bc5442ea0b0da9eb6ec84e9bb4034f0bbe1236ad","","False","QUARANTINE","UNKNOWN","","","unassigned","Existing file; origin and redistribution rights not yet verified."
"assets/buildings/furnace_stove.png","texture","buildings","397","309ba409527163acc135671a8db45c353b240e81a34f88a77b9a709b734b283b","","True","QUARANTINE","UNKNOWN","","","current-runtime","Existing file; origin and redistribution rights not yet verified."
"assets/buildings/hay_bed.png","texture","buildings","588","274b479921a7d56e36080c92893028bedb4304a2bbd649eb7dbae1e8013f9387","","True","QUARANTINE","UNKNOWN","","","current-runtime","Existing file; origin and redistribution rights not yet verified."
"assets/buildings/monster_nest.png","texture","buildings","1176","f9a0dcd6af282151fffb3d0b5138c7f5a34bdc89efdcb6dcdda94752fa85e8f4","","False","QUARANTINE","UNKNOWN","","","unassigned","Existing file; origin and redistribution rights not yet verified."
"assets/buildings/ranch_fence.png","texture","buildings","539","7e6f123acf7e59746f0a80db8d51f29cdaf7619dd3efd9fb4f8cac37a9397356","","True","QUARANTINE","UNKNOWN","","","current-runtime","Existing file; origin and redistribution rights not yet verified."
"assets/buildings/table_workbench.png","texture","buildings","268","cefd8445af09fba360a13c0d4de0d8701553ba3b00e456684ee38de022853367","","True","QUARANTINE","UNKNOWN","","","current-runtime","Existing file; origin and redistribution rights not yet verified."
"assets/fx/big_energy_ball.png","texture","fx","650","0205f7646c803864387e2101c43ca234b36042c5e7bb331a4a091e3fd6bcb85c","","True","QUARANTINE","UNKNOWN","","","current-runtime","Existing file; origin and redistribution rights not yet verified."
"assets/fx/dust.png","texture","fx","106","a514e23923c04c4f639d623a40116ea3e3ba0ba86b2fc1cdc298367c5dd0d581","","True","QUARANTINE","UNKNOWN","","","current-runtime","Existing file; origin and redistribution rights not yet verified."
"assets/fx/energy_ball.png","texture","fx","338","fe1f32b076e49e68cc84439f3d87e077df1cc596c51443b80bb08834cc9b4d99","","True","QUARANTINE","UNKNOWN","","","current-runtime","Existing file; origin and redistribution rights not yet verified."
"assets/fx/fireball.png","texture","fx","505","b2e82a4bf1dcfcf5c015a95d38b5a7482f7a74d0fa847aa546aaf2386d136d09","","True","QUARANTINE","UNKNOWN","","","current-runtime","Existing file; origin and redistribution rights not yet verified."
"assets/fx/ice_spike.png","texture","fx","3268","94ff74617f81f1ebc5b9a5ac6892157607340c5c10e56889e2908250732c6923","","False","QUARANTINE","UNKNOWN","","","unassigned","Existing file; origin and redistribution rights not yet verified."
"assets/fx/leaf.png","texture","fx","125","97d7a53b1d2bad617df445743d4f25ec455d9833f023b69f7532e366f5134243","","True","QUARANTINE","UNKNOWN","","","current-runtime","Existing file; origin and redistribution rights not yet verified."
"assets/fx/light_radial.png","texture","fx","4264","fd5b6fd5db9817c38596f3e0e5ca22983270a150081028a486a6c8574bb7e567","","True","QUARANTINE","UNKNOWN","","","current-runtime","Existing file; origin and redistribution rights not yet verified."
"assets/fx/shadow.png","texture","fx","153","714885129353707853e4764bb436e697ecb10a8de3eb6140f3da755193b931af","","True","QUARANTINE","UNKNOWN","","","current-runtime","Existing file; origin and redistribution rights not yet verified."
"assets/fx/slash_sheet.png","texture","fx","408","7f730ce178179d31f5e6e2a1ba34dca084dc0429ced27819534960ca57557fff","","True","QUARANTINE","UNKNOWN","","","current-runtime","Existing file; origin and redistribution rights not yet verified."
"assets/fx/spark.png","texture","fx","106","d2699e058fe92a5d228a67696750ab7692cc6a4705fd0112c7ebe22778acc7a5","","True","QUARANTINE","UNKNOWN","","","current-runtime","Existing file; origin and redistribution rights not yet verified."
"assets/hunter/hunter_faceset.png","texture","hunter","3420","c961b7d3aa9250616d6b648ff3ac702e93362e80058454fb049c91ed1f3f8555","","True","QUARANTINE","UNKNOWN","","","current-runtime","Existing file; origin and redistribution rights not yet verified."
"assets/hunter/hunter_sheet.png","texture","hunter","6558","26af2137e450276687d308706519d6a57799e4a666d1a966076b1837c2032d81","","True","QUARANTINE","UNKNOWN","","","current-runtime","Existing file; origin and redistribution rights not yet verified."
"assets/hunter/row_0.png","texture","hunter","3556","1797b9ccf0acea756cf953499e295a4814522d4826c9434b6eb1de4066d3f37b","","False","QUARANTINE","UNKNOWN","","","unassigned","Existing file; origin and redistribution rights not yet verified."
"assets/hunter/row_1.png","texture","hunter","3528","342b467eed6b007ac568e0f52aa1d702eeefd10a93b52e00e021ceb1df8d20c2","","False","QUARANTINE","UNKNOWN","","","unassigned","Existing file; origin and redistribution rights not yet verified."
"assets/hunter/row_2.png","texture","hunter","3501","86d4122716426c252c3d18d134a2bdbb9122a0cda03cddf31a47d6dd6a0a51a5","","False","QUARANTINE","UNKNOWN","","","unassigned","Existing file; origin and redistribution rights not yet verified."
"assets/hunter/row_3.png","texture","hunter","3463","2696262d3a217da41a61099e5fcb1b950c99de38d3976310df416d33e1cde6a2","","False","QUARANTINE","UNKNOWN","","","unassigned","Existing file; origin and redistribution rights not yet verified."
"assets/hunter/row_4.png","texture","hunter","3506","f59fa63550736f62785dcf030c76f3b235220f5c555c70661f4eb177f28b17c5","","False","QUARANTINE","UNKNOWN","","","unassigned","Existing file; origin and redistribution rights not yet verified."
"assets/hunter/row_5.png","texture","hunter","3590","f55006a70fec27fce6b6b48ff431c1c2030660693ef7d60c910c2d57dc046853","","False","QUARANTINE","UNKNOWN","","","unassigned","Existing file; origin and redistribution rights not yet verified."
"assets/hunter/row_6.png","texture","hunter","3690","b0600f5411d05d417e0c1c0784ece0f1976b5368e745213e19412fd97c228060","","False","QUARANTINE","UNKNOWN","","","unassigned","Existing file; origin and redistribution rights not yet verified."
"assets/items/beaf.png","texture","items","2957","55b45e050566e2cfe2ca537338ff659f3a6157e2c056c74a641f73fb536623fa","","True","QUARANTINE","UNKNOWN","","","current-runtime","Existing file; origin and redistribution rights not yet verified."
"assets/items/berry.png","texture","items","269","156465698091782154dd4d45e69632aee0e059a7838823f4e4345ca9d7efeeef","","True","QUARANTINE","UNKNOWN","","","current-runtime","Existing file; origin and redistribution rights not yet verified."
"assets/items/berry_basket.png","texture","items","371","e85bf5650af66d14152b4705839e3925b2a272fc7e2f4fb2e3d9e5d9630bae97","","False","QUARANTINE","UNKNOWN","","","unassigned","Existing file; origin and redistribution rights not yet verified."
"assets/items/bread.png","texture","items","148","b8072cbaf2fab9e277fbf72dd58e68c160b7b82d77539bded55ae9814eed2e15","","True","QUARANTINE","UNKNOWN","","","current-runtime","Existing file; origin and redistribution rights not yet verified."
"assets/items/carrot.png","texture","items","150","a2c404336e5b098874f68e4a97b2c3166938354896ecdd77ff851fb293e04020","","False","QUARANTINE","UNKNOWN","","","unassigned","Existing file; origin and redistribution rights not yet verified."
"assets/items/cooked_meat.png","texture","items","213","ad29071c2ead41b30500e3c8066a130aef1a6a9effd04bfa638eb18560e3b81b","","True","QUARANTINE","UNKNOWN","","","current-runtime","Existing file; origin and redistribution rights not yet verified."
"assets/items/crop_stages.png","texture","items","434","c9ea1067f6cee98b9bfff8ad43b914925aec0f2ff937c4ab9b4ce350705a70cd","","True","QUARANTINE","UNKNOWN","","","current-runtime","Existing file; origin and redistribution rights not yet verified."
"assets/items/fertilizer.png","texture","items","234","16045717e837e5ad6b507b149782d8534a5708b0ca6378a4664d277d06dc58f4","","True","QUARANTINE","UNKNOWN","","","current-runtime","Existing file; origin and redistribution rights not yet verified."
"assets/items/fish.png","texture","items","2960","d2cbc923cd9886a1e8977ca32c9fe073091ecef62982db80dea9034b69998638","","False","QUARANTINE","UNKNOWN","","","unassigned","Existing file; origin and redistribution rights not yet verified."
"assets/items/flame_organ.png","texture","items","317","cb72c6a946e5af6d3151628df6d7d031f470693f4fb734b3ca207cb8ee4220ee","","False","QUARANTINE","UNKNOWN","","","unassigned","Existing file; origin and redistribution rights not yet verified."
"assets/items/giga_sphere.png","texture","items","306","571464e3a22b473b5d8c73ae8bc3035c8b2e2ca426d44830cb514b27ba6ef533","","True","QUARANTINE","UNKNOWN","","","current-runtime","Existing file; origin and redistribution rights not yet verified."
"assets/items/hearty_stew.png","texture","items","191","416cb3602493531877f21cd5b9a63a6dfecaa721878e087f5c4d86d3a714f090","","True","QUARANTINE","UNKNOWN","","","current-runtime","Existing file; origin and redistribution rights not yet verified."
"assets/items/iron_ingot.png","texture","items","156","b9ca0e07aeea93520f6c7f53b2d53ed0477bfd77289da56fb51065ca534394a5","","True","QUARANTINE","UNKNOWN","","","current-runtime","Existing file; origin and redistribution rights not yet verified."
"assets/items/mega_sphere.png","texture","items","316","20728e2c8a6ea7297fa5faf714cda80107870314d5f13eb30d33a7c551ff3654","","True","QUARANTINE","UNKNOWN","","","current-runtime","Existing file; origin and redistribution rights not yet verified."
"assets/items/pal_elixir.png","texture","items","273","626695e81b95a4b20dcf9498c154632a37e121e06019371ecc70627fa4a62fcc","","True","QUARANTINE","UNKNOWN","","","current-runtime","Existing file; origin and redistribution rights not yet verified."
"assets/items/pal_herb.png","texture","items","430","c4e9239841f4ddfce9ccd1c7be29e7f4655ad8475a9b0ee5b722cdab07bb29fa","","True","QUARANTINE","UNKNOWN","","","current-runtime","Existing file; origin and redistribution rights not yet verified."
"assets/items/pal_herb_potion.png","texture","items","267","db06781ca95b26e6c6560af7b5b9b63f3b2372e2e73fda1d2d81b7b0b903a422","","False","QUARANTINE","UNKNOWN","","","unassigned","Existing file; origin and redistribution rights not yet verified."
"assets/items/pal_ingot.png","texture","items","155","e16e276127b80897ac6abab0686b93165bf75ed733da5f1c345d752ef1587313","","True","QUARANTINE","UNKNOWN","","","current-runtime","Existing file; origin and redistribution rights not yet verified."
"assets/items/pal_ore.png","texture","items","440","fa66fd3fe3e6941b1d3738391463ec5d947d4fec598c3a7ca876ac779a519f62","","True","QUARANTINE","UNKNOWN","","","current-runtime","Existing file; origin and redistribution rights not yet verified."
"assets/items/preview_market.png","texture","items","5391","f81d0e9d026dfb461517343f99a98b8d04477e46b494a656ddd574e1baf3353c","","False","QUARANTINE","UNKNOWN","","","unassigned","Existing file; origin and redistribution rights not yet verified."
"assets/items/purified_water.png","texture","items","191","f7fe03626f42d713e9c7f209c642066ee5001b99c85db835b09766316945c395","","True","QUARANTINE","UNKNOWN","","","current-runtime","Existing file; origin and redistribution rights not yet verified."
"assets/items/seed.png","texture","items","157","ab715a9ea53be68a983811dfd58bd89a7c40947067be27c94d0cecf35e3eff01","","True","QUARANTINE","UNKNOWN","","","current-runtime","Existing file; origin and redistribution rights not yet verified."
"assets/items/slime_jelly.png","texture","items","334","b17250d45bef85236e47385fef7fb6eb4fcc101b30b28cb624a5942e45c0c4f2","","False","QUARANTINE","UNKNOWN","","","unassigned","Existing file; origin and redistribution rights not yet verified."
"assets/items/stone.png","texture","items","457","e3af1a717f0a145ac01b97a8c2b3a8ae4973406700d35481e40066b8439401eb","","True","QUARANTINE","UNKNOWN","","","current-runtime","Existing file; origin and redistribution rights not yet verified."
"assets/items/strawberry.png","texture","items","116","81e92669cc635fed81655a5e1872faaf6150d8a25ca50df4cd9156bab5ed83a2","","True","QUARANTINE","UNKNOWN","","","current-runtime","Existing file; origin and redistribution rights not yet verified."
"assets/items/sword.png","texture","items","267","2e14f8d0500995898450cbb3625e46f561954f6e77456052a0e1f892a60e43d2","","True","QUARANTINE","UNKNOWN","","","current-runtime","Existing file; origin and redistribution rights not yet verified."
"assets/items/water_canteen.png","texture","items","223","b459d31290896a2ed2abc7b909d08a3352dd7682fdb793214487c3c73959ec00","","False","QUARANTINE","UNKNOWN","","","unassigned","Existing file; origin and redistribution rights not yet verified."
"assets/items/wheat.png","texture","items","258","1c28b2563dab85c0aded90b907b410493314277f3f2d435856915011216b84d4","","False","QUARANTINE","UNKNOWN","","","unassigned","Existing file; origin and redistribution rights not yet verified."
"assets/items/wheat_crop.png","texture","items","405","c5f31125812794bde7be67810ca08e34180c149b9137ecf902c3c970620072e8","","True","QUARANTINE","UNKNOWN","","","current-runtime","Existing file; origin and redistribution rights not yet verified."
"assets/items/wood.png","texture","items","134","746abb5cff93a42f0236c25da2c3c29a02eaf9f4897a3a11b326f70d4c26f18f","","True","QUARANTINE","UNKNOWN","","","current-runtime","Existing file; origin and redistribution rights not yet verified."
"assets/monsters/beast_sheet.png","texture","monsters","3837","7c79c8ddf253c50e5e38172704d61b777d1cd2d15d09189b6d63585553080e60","","True","QUARANTINE","UNKNOWN","","","current-runtime","Existing file; origin and redistribution rights not yet verified."
"assets/monsters/dragon_sheet.png","texture","monsters","3639","ce4b37aedb75fc928d5847b2863974165b13cdafea721b5def1c932d00300222","","True","QUARANTINE","UNKNOWN","","","current-runtime","Existing file; origin and redistribution rights not yet verified."
"assets/monsters/flam/flam_sheet.png","texture","monsters","3453","5c1a5e3fd4d42df6f18c81efb55bfa35e11d7958b604a70073e43ab92a1621b0","dup-5c1a5e3fd4d4","False","QUARANTINE","UNKNOWN","","","unassigned","Existing file; origin and redistribution rights not yet verified."
"assets/monsters/flam_sheet.png","texture","monsters","3453","5c1a5e3fd4d42df6f18c81efb55bfa35e11d7958b604a70073e43ab92a1621b0","dup-5c1a5e3fd4d4","True","QUARANTINE","UNKNOWN","","","current-runtime","Existing file; origin and redistribution rights not yet verified."
"assets/monsters/mushroom_sheet.png","texture","monsters","3406","21e40fad5ef2a0ddff9ef3f131341697a1bc6858741e7e4d72a713bf33ff3921","","True","QUARANTINE","UNKNOWN","","","current-runtime","Existing file; origin and redistribution rights not yet verified."
"assets/monsters/slime_sheet.png","texture","monsters","3593","ed2f8eba4550cf54476ab3eb9d36eaf4feb2462e5dc01c7223567c40a261b971","","True","QUARANTINE","UNKNOWN","","","current-runtime","Existing file; origin and redistribution rights not yet verified."
"assets/music/adventure_begin.ogg","music","music","1666796","858490b0f1c09730ceaede1cdadf3912ab4d1bfd0dd90732171cfded3e773810","","True","QUARANTINE","UNKNOWN","","","current-runtime","Existing file; origin and redistribution rights not yet verified."
"assets/music/peaceful.ogg","music","music","1198029","ac4578d928e6d616e9b4804117524692c12a86be700e46f973672de644046e21","","False","QUARANTINE","UNKNOWN","","","unassigned","Existing file; origin and redistribution rights not yet verified."
"assets/sfx/alert.wav","sfx","sfx","87136","dd0cfe8f7acad6b753f164186e28d9317f95feefc5eaeec5504c0a0f63b2d02f","","True","QUARANTINE","UNKNOWN","","","current-runtime","Existing file; origin and redistribution rights not yet verified."
"assets/sfx/coin.wav","sfx","sfx","25696","04b95423ce46f488a61f7a661523b1a98bbbae555e5b7b1442485d70d46d76c7","","True","QUARANTINE","UNKNOWN","","","current-runtime","Existing file; origin and redistribution rights not yet verified."
"assets/sfx/fireball.wav","sfx","sfx","30334","fefb05f2dcb2a5f508306d9186011cb53c9777a1c8f12e5b4ab9f02cff27e229","","True","QUARANTINE","UNKNOWN","","","current-runtime","Existing file; origin and redistribution rights not yet verified."
"assets/sfx/hit.wav","sfx","sfx","20888","750d94a64f98a76d11eba6c0d6255739898a3159a077a1b05c1084b1e4c88cc1","","True","QUARANTINE","UNKNOWN","","","current-runtime","Existing file; origin and redistribution rights not yet verified."
"assets/sfx/jump.wav","sfx","sfx","23590","2359d6ca1e2ea9e0ada355a0eeb19b9b9bcf1b0d36e614e22ab6d042058482e1","","True","QUARANTINE","UNKNOWN","","","current-runtime","Existing file; origin and redistribution rights not yet verified."
"assets/sfx/powerup.wav","sfx","sfx","83212","9b7cf73b080faa3b62b405fe22b9fc1590959b64a77442dcc8723f5f1354f321","","True","QUARANTINE","UNKNOWN","","","current-runtime","Existing file; origin and redistribution rights not yet verified."
"assets/sfx/success.wav","sfx","sfx","78668","009e16b158bc4ec232891efebdbfce45b384238cc0fff0ec95f00b8f4665537d","","True","QUARANTINE","UNKNOWN","","","current-runtime","Existing file; origin and redistribution rights not yet verified."
"assets/sfx/sword.wav","sfx","sfx","39236","0347d21ca9fc6397bf401f9c2a450fd7e76e2081576456d25eca9d4edf9a04a3","","True","QUARANTINE","UNKNOWN","","","current-runtime","Existing file; origin and redistribution rights not yet verified."
"assets/tilesets/camp_cobblestone.png","texture","tilesets","598","96b1cf48003f0cc1892300c52349246dd84beb1f6aa378f8f3b849aa04d2e78a","","True","QUARANTINE","UNKNOWN","","","current-runtime","Existing file; origin and redistribution rights not yet verified."
"assets/tilesets/floor_grass.png","texture","tilesets","1401","a74f9a0145795929bf36d3c488372f9974e8dafed47c2677f12ae551dda79848","","False","QUARANTINE","UNKNOWN","","","unassigned","Existing file; origin and redistribution rights not yet verified."
"assets/tilesets/floor_path.png","texture","tilesets","895","08bfd63b7b67dade83e9f6bbd766405fb12bbb27718e5af48dfa44bfa1af6db5","","False","QUARANTINE","UNKNOWN","","","unassigned","Existing file; origin and redistribution rights not yet verified."
"assets/tilesets/floor_sand.png","texture","tilesets","1243","bfa5719dbdb8c227980b3bdd29d65046181fc754e5a16c89849fc041a7a95053","","False","QUARANTINE","UNKNOWN","","","unassigned","Existing file; origin and redistribution rights not yet verified."
"assets/tilesets/floor_stone.png","texture","tilesets","1257","13d683ce69ce86f70191e0f0656366c6258474f8abb3cbde3d830be53419eb9a","","False","QUARANTINE","UNKNOWN","","","unassigned","Existing file; origin and redistribution rights not yet verified."
"assets/tilesets/floor_water.png","texture","tilesets","95","716be8a4ccae95a290be9f2272ce99e16f3fd265e4b206cbf20b4a767a93006a","","True","QUARANTINE","UNKNOWN","","","current-runtime","Existing file; origin and redistribution rights not yet verified."
"assets/tilesets/floor_wood.png","texture","tilesets","1109","3d9bd67089e48452469c9a72e2cd98f7d25101755514232f37ae5dba0ffaaa88","","False","QUARANTINE","UNKNOWN","","","unassigned","Existing file; origin and redistribution rights not yet verified."
"assets/tilesets/grass_patch_48.png","texture","tilesets","841","79153c8f03869364d4386d99526f933272f7120dc3eeb2d75dcee4cf7b97c927","","False","QUARANTINE","UNKNOWN","","","unassigned","Existing file; origin and redistribution rights not yet verified."
"assets/tilesets/nature_boulder.png","texture","tilesets","411","8278794c1bd8b382a840873e8719c874f942600c398bccfb0a311e2f70c873f1","","True","QUARANTINE","UNKNOWN","","","current-runtime","Existing file; origin and redistribution rights not yet verified."
"assets/tilesets/nature_bush.png","texture","tilesets","510","67477ddbdd3d14aeb759013676976b7a21d558541a99dde39c55cb4c38185b6d","","True","QUARANTINE","UNKNOWN","","","current-runtime","Existing file; origin and redistribution rights not yet verified."
"assets/tilesets/nature_campfire.png","texture","tilesets","669","67053f0400ca0237d70b00cf9f257a622a3d0a45bd818dc71c1386105e0d9613","","True","QUARANTINE","UNKNOWN","","","current-runtime","Existing file; origin and redistribution rights not yet verified."
"assets/tilesets/nature_flowers.png","texture","tilesets","575","c842d231ceb550e61fb3db7b8f1772f9f2015058885a011ea154e71ae094d136","","True","QUARANTINE","UNKNOWN","","","current-runtime","Existing file; origin and redistribution rights not yet verified."
"assets/tilesets/nature_mushrooms.png","texture","tilesets","855","ceb0ed4a1417da946a175abab69ca4dfeb335959123f6d9f1701868e77b02251","","True","QUARANTINE","UNKNOWN","","","current-runtime","Existing file; origin and redistribution rights not yet verified."
"assets/tilesets/nature_pal_rock.png","texture","tilesets","1281","e5be924032f455e0d7a127b93feb7c1848c1f7c2eade1cfefe50f622d10da7a5","","False","QUARANTINE","UNKNOWN","","","unassigned","Existing file; origin and redistribution rights not yet verified."
"assets/tilesets/nature_pine_tree.png","texture","tilesets","1540","98608e129f8b289e44d086dbb1dcedfa91d6c9ff84ba3a42a7737b949587962b","","False","QUARANTINE","UNKNOWN","","","unassigned","Existing file; origin and redistribution rights not yet verified."
"assets/tilesets/nature_rock_boulder.png","texture","tilesets","527","3293ac32065d7268ab0555fdfd1782e65a878880cd16dc9a8657b8d48fab7dd5","","False","QUARANTINE","UNKNOWN","","","unassigned","Existing file; origin and redistribution rights not yet verified."
"assets/tilesets/nature_rock_small.png","texture","tilesets","204","0e3d799d72fe704f2229d061295325497864ec79d6fa6ce5546bc934a78399d9","","False","QUARANTINE","UNKNOWN","","","unassigned","Existing file; origin and redistribution rights not yet verified."
"assets/tilesets/nature_stump.png","texture","tilesets","723","e956869618c63587efa245b84a9d3ca16875ccba6b82e00a3d867d54c5b95a52","","True","QUARANTINE","UNKNOWN","","","current-runtime","Existing file; origin and redistribution rights not yet verified."
"assets/tilesets/nature_tall_tree.png","texture","tilesets","1220","d5a18097328a0406e1bb3080a5f7aa95dccebb83f7edd5c2d700c954c21e8a45","","False","QUARANTINE","UNKNOWN","","","unassigned","Existing file; origin and redistribution rights not yet verified."
"assets/tilesets/nature_tree_lush.png","texture","tilesets","551","30ecd75f34af4dbf9c68ffbe07e2601eb8863810718eee58c8b099d9f7adc5e0","","False","QUARANTINE","UNKNOWN","","","unassigned","Existing file; origin and redistribution rights not yet verified."
"assets/tilesets/nature_tree_oak.png","texture","tilesets","906","baf6d07547fcdddead0887087062a0f59065fcb0a84c318bf5de4839164d5a03","","True","QUARANTINE","UNKNOWN","","","current-runtime","Existing file; origin and redistribution rights not yet verified."
"assets/tilesets/nature_tree_pine.png","texture","tilesets","602","437eb9dc9c4583694c15838c3d9e6263fbb00532b679ede5e47247d083439bad","","False","QUARANTINE","UNKNOWN","","","unassigned","Existing file; origin and redistribution rights not yet verified."
"assets/tilesets/pal_crystal_ore.png","texture","tilesets","317","abaeee5750469f7bbef2e9d913a59865a6dafa0ba6aab017ffbaed2d01fdffaa","","True","QUARANTINE","UNKNOWN","","","current-runtime","Existing file; origin and redistribution rights not yet verified."
"assets/tilesets/preview_field.png","texture","tilesets","3136","41995d61612d21625a1c0f67ed5ca966181efc89c23491441caece603b4ef71c","","False","QUARANTINE","UNKNOWN","","","unassigned","Existing file; origin and redistribution rights not yet verified."
"assets/tilesets/preview_floor_bottom.png","texture","tilesets","9795","46af669eabd888cf2ab5edc93520c7d591dabc14d471619a50a26844a26c5bcc","","False","QUARANTINE","UNKNOWN","","","unassigned","Existing file; origin and redistribution rights not yet verified."
"assets/tilesets/preview_floor_middle.png","texture","tilesets","12014","2edb5311d14f246b58d530a9ce52f387a6e42b7d7c0510a000d46b3d17f4d72e","","False","QUARANTINE","UNKNOWN","","","unassigned","Existing file; origin and redistribution rights not yet verified."
"assets/tilesets/preview_floor_top.png","texture","tilesets","7575","5a7cf6b6cc71cc58b22c06c2ce7f60d1bd97561c6f07ee7f4800e8c7fd573ed8","","False","QUARANTINE","UNKNOWN","","","unassigned","Existing file; origin and redistribution rights not yet verified."
"assets/tilesets/preview_house_bottom.png","texture","tilesets","29446","cb6d4489b3ef9bd39a235e057f705ecdbc43fe07e8ce45118a5c703be2a509bc","","False","QUARANTINE","UNKNOWN","","","unassigned","Existing file; origin and redistribution rights not yet verified."
"assets/tilesets/preview_house_top.png","texture","tilesets","24075","e8882f459f0c89dc294973032b84299f7cc05bccaf91df8a1835ec5c5e7e165a","","False","QUARANTINE","UNKNOWN","","","unassigned","Existing file; origin and redistribution rights not yet verified."
"assets/tilesets/preview_nature_bottom.png","texture","tilesets","21692","aa1bbdbf2f247cfb03c11eddc895acadd0239e627d815e0d4221fb5e46492064","","False","QUARANTINE","UNKNOWN","","","unassigned","Existing file; origin and redistribution rights not yet verified."
"assets/tilesets/preview_nature_top.png","texture","tilesets","17169","82af974d79cc4032acb8972c2d8a0827343db2850a18029a99db530ab9bfb4da","","False","QUARANTINE","UNKNOWN","","","unassigned","Existing file; origin and redistribution rights not yet verified."
"assets/tilesets/test_bridge.png","texture","tilesets","333","eb86f05b253bcbc2f6468d046cefc0dbeba02b3f1bbba103852fe381df827d7c","","False","QUARANTINE","UNKNOWN","","","unassigned","Existing file; origin and redistribution rights not yet verified."
"assets/tilesets/test_dojo.png","texture","tilesets","260","84c0aae52d256eb09c52682e2c8a7eb8a37cb71b4ec60955a9bc2634cfccdda0","","False","QUARANTINE","UNKNOWN","","","unassigned","Existing file; origin and redistribution rights not yet verified."
"assets/tilesets/test_grass_0.png","texture","tilesets","94","ae88a7896d6ebe35c1252ae5546e156dfb8aa1319dc99f04f1ddb6da71c0ab35","","False","QUARANTINE","UNKNOWN","","","unassigned","Existing file; origin and redistribution rights not yet verified."
"assets/tilesets/test_grass_1.png","texture","tilesets","185","331e9ae43fcedb7d567414e8fbf8eeb77278e628ecd2d00cef9c0d8baffaddda","","False","QUARANTINE","UNKNOWN","","","unassigned","Existing file; origin and redistribution rights not yet verified."
"assets/tilesets/test_grass_10.png","texture","tilesets","76","232c2eac760eae604f9dd43352c0b272396b7cfaf220081b54583b6d0cbc2320","dup-232c2eac760e","False","QUARANTINE","UNKNOWN","","","unassigned","Existing file; origin and redistribution rights not yet verified."
"assets/tilesets/test_grass_11.png","texture","tilesets","94","df44dc98a2a3b593a78fb05bf82b656b466bf5ec05f346d2099da0e05ae4b148","","False","QUARANTINE","UNKNOWN","","","unassigned","Existing file; origin and redistribution rights not yet verified."
"assets/tilesets/test_grass_12.png","texture","tilesets","185","c28b48537effdf80d4cbe736b4ec20da6c2ba2e19ed5287adcad55eda0323e45","","False","QUARANTINE","UNKNOWN","","","unassigned","Existing file; origin and redistribution rights not yet verified."
"assets/tilesets/test_grass_13.png","texture","tilesets","173","d0213a1faa5913a5aabab3e31b09edf8c3bfbe932b349750769c676197d583b4","","False","QUARANTINE","UNKNOWN","","","unassigned","Existing file; origin and redistribution rights not yet verified."
"assets/tilesets/test_grass_14.png","texture","tilesets","181","78283660e97f7b18d3cdf8bff395581555e4fc785f820b6e9151903ad0f44c79","","False","QUARANTINE","UNKNOWN","","","unassigned","Existing file; origin and redistribution rights not yet verified."
"assets/tilesets/test_grass_15.png","texture","tilesets","138","aa1c7d88feab0c557a1f2dc6c44ecdab9fbd5975f4ce7c5667ce8b0ae41fbb48","","False","QUARANTINE","UNKNOWN","","","unassigned","Existing file; origin and redistribution rights not yet verified."
"assets/tilesets/test_grass_16.png","texture","tilesets","76","232c2eac760eae604f9dd43352c0b272396b7cfaf220081b54583b6d0cbc2320","dup-232c2eac760e","False","QUARANTINE","UNKNOWN","","","unassigned","Existing file; origin and redistribution rights not yet verified."
"assets/tilesets/test_grass_17.png","texture","tilesets","76","232c2eac760eae604f9dd43352c0b272396b7cfaf220081b54583b6d0cbc2320","dup-232c2eac760e","False","QUARANTINE","UNKNOWN","","","unassigned","Existing file; origin and redistribution rights not yet verified."
"assets/tilesets/test_grass_18.png","texture","tilesets","76","232c2eac760eae604f9dd43352c0b272396b7cfaf220081b54583b6d0cbc2320","dup-232c2eac760e","False","QUARANTINE","UNKNOWN","","","unassigned","Existing file; origin and redistribution rights not yet verified."
"assets/tilesets/test_grass_19.png","texture","tilesets","76","232c2eac760eae604f9dd43352c0b272396b7cfaf220081b54583b6d0cbc2320","dup-232c2eac760e","False","QUARANTINE","UNKNOWN","","","unassigned","Existing file; origin and redistribution rights not yet verified."
"assets/tilesets/test_grass_2.png","texture","tilesets","173","4ea60b3b4e058f8af5508cc5154401ec3c9483d31dae61509e3153464fe54cc8","","False","QUARANTINE","UNKNOWN","","","unassigned","Existing file; origin and redistribution rights not yet verified."
"assets/tilesets/test_grass_20.png","texture","tilesets","76","232c2eac760eae604f9dd43352c0b272396b7cfaf220081b54583b6d0cbc2320","dup-232c2eac760e","False","QUARANTINE","UNKNOWN","","","unassigned","Existing file; origin and redistribution rights not yet verified."
"assets/tilesets/test_grass_21.png","texture","tilesets","76","232c2eac760eae604f9dd43352c0b272396b7cfaf220081b54583b6d0cbc2320","dup-232c2eac760e","False","QUARANTINE","UNKNOWN","","","unassigned","Existing file; origin and redistribution rights not yet verified."
"assets/tilesets/test_grass_3.png","texture","tilesets","181","b904fae47566c1cd6ad016dbab4db24421bf25253bf4a6faeb1a05361e885be7","","False","QUARANTINE","UNKNOWN","","","unassigned","Existing file; origin and redistribution rights not yet verified."
"assets/tilesets/test_grass_4.png","texture","tilesets","138","837e4ae3223e10643a2cba31bb96ee3403f71ee2e3248cf4f68c2b7fc7f4d3c6","","False","QUARANTINE","UNKNOWN","","","unassigned","Existing file; origin and redistribution rights not yet verified."
"assets/tilesets/test_grass_5.png","texture","tilesets","76","232c2eac760eae604f9dd43352c0b272396b7cfaf220081b54583b6d0cbc2320","dup-232c2eac760e","False","QUARANTINE","UNKNOWN","","","unassigned","Existing file; origin and redistribution rights not yet verified."
"assets/tilesets/test_grass_6.png","texture","tilesets","76","232c2eac760eae604f9dd43352c0b272396b7cfaf220081b54583b6d0cbc2320","dup-232c2eac760e","False","QUARANTINE","UNKNOWN","","","unassigned","Existing file; origin and redistribution rights not yet verified."
"assets/tilesets/test_grass_7.png","texture","tilesets","76","232c2eac760eae604f9dd43352c0b272396b7cfaf220081b54583b6d0cbc2320","dup-232c2eac760e","False","QUARANTINE","UNKNOWN","","","unassigned","Existing file; origin and redistribution rights not yet verified."
"assets/tilesets/test_grass_8.png","texture","tilesets","76","232c2eac760eae604f9dd43352c0b272396b7cfaf220081b54583b6d0cbc2320","dup-232c2eac760e","False","QUARANTINE","UNKNOWN","","","unassigned","Existing file; origin and redistribution rights not yet verified."
"assets/tilesets/test_grass_9.png","texture","tilesets","76","232c2eac760eae604f9dd43352c0b272396b7cfaf220081b54583b6d0cbc2320","dup-232c2eac760e","False","QUARANTINE","UNKNOWN","","","unassigned","Existing file; origin and redistribution rights not yet verified."
"assets/tilesets/test_oak_tree.png","texture","tilesets","3270","6cf00806ed58a11f9c98da8af78cfcb2773dbda4fcd50daced4f7709a1db1e59","","False","QUARANTINE","UNKNOWN","","","unassigned","Existing file; origin and redistribution rights not yet verified."
"assets/tilesets/test_path.png","texture","tilesets","581","9d21e98254b00db873f28b36532fb3b0e3777a398765e2b38ced32dc570b56f7","","False","QUARANTINE","UNKNOWN","","","unassigned","Existing file; origin and redistribution rights not yet verified."
"assets/tilesets/test_plank.png","texture","tilesets","126","07f0654c16c5d219eca73df6d8ae9c82dd37d9f216b2818a56264a354f27c00f","","False","QUARANTINE","UNKNOWN","","","unassigned","Existing file; origin and redistribution rights not yet verified."
"assets/tilesets/test_stone_0.png","texture","tilesets","200","cc504a162e2e96bfb2fb073fc1cfabfd59f87bd975a6a24eb338730eb43177c3","","False","QUARANTINE","UNKNOWN","","","unassigned","Existing file; origin and redistribution rights not yet verified."
"assets/tilesets/test_stone_1.png","texture","tilesets","172","edd6052bbc95cd1b73da83bbc26d87211aef0f11e747a66dd5eb92bd5f8f61ef","","False","QUARANTINE","UNKNOWN","","","unassigned","Existing file; origin and redistribution rights not yet verified."
"assets/tilesets/test_stone_10.png","texture","tilesets","76","232c2eac760eae604f9dd43352c0b272396b7cfaf220081b54583b6d0cbc2320","dup-232c2eac760e","False","QUARANTINE","UNKNOWN","","","unassigned","Existing file; origin and redistribution rights not yet verified."
"assets/tilesets/test_stone_11.png","texture","tilesets","240","58190065d0c3a03f1cbdf68ad7752f1c4d71450a0e0020674c4eb9209452b11c","","False","QUARANTINE","UNKNOWN","","","unassigned","Existing file; origin and redistribution rights not yet verified."
"assets/tilesets/test_stone_12.png","texture","tilesets","234","f45d0f221f771af9b2278bc74dd19d24dc39f47d59444eaca7beca5e891d65d5","","False","QUARANTINE","UNKNOWN","","","unassigned","Existing file; origin and redistribution rights not yet verified."
"assets/tilesets/test_stone_13.png","texture","tilesets","242","8da71c4b35202009d112ce5e771fb0c683e8640a1052349ba98140e3aaddd999","","False","QUARANTINE","UNKNOWN","","","unassigned","Existing file; origin and redistribution rights not yet verified."
"assets/tilesets/test_stone_14.png","texture","tilesets","276","f1c843b31e24e53ec79f6d8df4ae71ccc27aa9343aa5d5171f62ef7ccfd66f07","","False","QUARANTINE","UNKNOWN","","","unassigned","Existing file; origin and redistribution rights not yet verified."
"assets/tilesets/test_stone_15.png","texture","tilesets","262","adf3e128200e87a96bf51a2484c36b92e5e95890f28a026853eec94939b9d9b4","","False","QUARANTINE","UNKNOWN","","","unassigned","Existing file; origin and redistribution rights not yet verified."
"assets/tilesets/test_stone_16.png","texture","tilesets","248","29abf538b04154511ab48f8a2b0a6fe371b7e74d4071c8627ac239e21fecfc18","","False","QUARANTINE","UNKNOWN","","","unassigned","Existing file; origin and redistribution rights not yet verified."
"assets/tilesets/test_stone_17.png","texture","tilesets","246","93c05e8f79b666583b5e32f08ebb033e674d80711c887894c525fb8291c61ae8","","False","QUARANTINE","UNKNOWN","","","unassigned","Existing file; origin and redistribution rights not yet verified."
"assets/tilesets/test_stone_18.png","texture","tilesets","280","a550744e0f31d1a10d697c210d6178921c2fa4c369f9b821a467643ceed4b91d","","False","QUARANTINE","UNKNOWN","","","unassigned","Existing file; origin and redistribution rights not yet verified."
"assets/tilesets/test_stone_19.png","texture","tilesets","253","cca85ab39792087cc0c8c2f1e737b8bdb9b1f527722414fcf288382b1e65ef22","","False","QUARANTINE","UNKNOWN","","","unassigned","Existing file; origin and redistribution rights not yet verified."
"assets/tilesets/test_stone_2.png","texture","tilesets","204","60257cfee0f5e6f7df484e7a8570776bfe5ed3375ec3d0639ebde040c1a39d69","","False","QUARANTINE","UNKNOWN","","","unassigned","Existing file; origin and redistribution rights not yet verified."
"assets/tilesets/test_stone_20.png","texture","tilesets","258","d076e22d6765aa1a837e682094073c86bfe5a829ae85489b35a73bd060be9f59","","False","QUARANTINE","UNKNOWN","","","unassigned","Existing file; origin and redistribution rights not yet verified."
"assets/tilesets/test_stone_21.png","texture","tilesets","76","232c2eac760eae604f9dd43352c0b272396b7cfaf220081b54583b6d0cbc2320","dup-232c2eac760e","False","QUARANTINE","UNKNOWN","","","unassigned","Existing file; origin and redistribution rights not yet verified."
"assets/tilesets/test_stone_3.png","texture","tilesets","210","3cbc41734f4c2b7c8cb7462aec1955058f42ce0cf6f741cb1645f29d1c83c4a4","","False","QUARANTINE","UNKNOWN","","","unassigned","Existing file; origin and redistribution rights not yet verified."
"assets/tilesets/test_stone_4.png","texture","tilesets","214","075dc02826fdca81b6fc3a22f1f1cb7323abf2f02c96229e0e3f527110378bbb","","False","QUARANTINE","UNKNOWN","","","unassigned","Existing file; origin and redistribution rights not yet verified."
"assets/tilesets/test_stone_5.png","texture","tilesets","190","b6c742e7736ceae636b9a1dbe5c2334165e6bb1142a2608337fa5c2a825745cc","","False","QUARANTINE","UNKNOWN","","","unassigned","Existing file; origin and redistribution rights not yet verified."
"assets/tilesets/test_stone_6.png","texture","tilesets","185","381cbfbb3bf0b39c0c518e1ab3211f45b88b029dc433472400733f33c8d8ebed","","False","QUARANTINE","UNKNOWN","","","unassigned","Existing file; origin and redistribution rights not yet verified."
"assets/tilesets/test_stone_7.png","texture","tilesets","223","173d2d02e961821890cdd3c7b73a8b6c6cb3b05931afd74ecd27f329743a9074","","False","QUARANTINE","UNKNOWN","","","unassigned","Existing file; origin and redistribution rights not yet verified."
"assets/tilesets/test_stone_8.png","texture","tilesets","183","a898922bfa3812d8a0eae0fc50a71c29909f8a4533ad4a2d90c891f6d5028262","","False","QUARANTINE","UNKNOWN","","","unassigned","Existing file; origin and redistribution rights not yet verified."
"assets/tilesets/test_stone_9.png","texture","tilesets","190","c8803f2dba1377ea2d5cf3b42cb1dcfdd8660fe94b0b0a3529e742f5fd150506","","False","QUARANTINE","UNKNOWN","","","unassigned","Existing file; origin and redistribution rights not yet verified."
"assets/tilesets/test_stone_floor.png","texture","tilesets","144","8bdf0b74205387fbf7039af6b6293563c1a04e8d65aa013e19e57f98adcf4d5d","","False","QUARANTINE","UNKNOWN","","","unassigned","Existing file; origin and redistribution rights not yet verified."
"assets/tilesets/tileset_field.png","texture","tilesets","3331","a519353dfdb4dfe8d2a1c67061be063056bbf0275eafa87ff711614e278c7261","","True","QUARANTINE","UNKNOWN","","","current-runtime","Existing file; origin and redistribution rights not yet verified."
"assets/tilesets/tileset_floor.png","texture","tilesets","29615","e111065065edf806e7e893330086e68efc8755175d92f14d087b42d40a331e16","","False","QUARANTINE","UNKNOWN","","","unassigned","Existing file; origin and redistribution rights not yet verified."
"assets/tilesets/tileset_house.png","texture","tilesets","58356","acdec09ff389883a48af18ebd344cac4081db0388154d4d13be0089cd376d508","","True","QUARANTINE","UNKNOWN","","","current-runtime","Existing file; origin and redistribution rights not yet verified."
"assets/tilesets/tileset_nature.png","texture","tilesets","43359","51eedd957ad4ac88988d170aa83a42404ef8fdebff9e6753b6fe80841ab3d5bb","","False","QUARANTINE","UNKNOWN","","","unassigned","Existing file; origin and redistribution rights not yet verified."
"assets/tilesets/world_grass_tiled.png","texture","tilesets","3679","68e8a582d5fb5ec8a2569d7c996834c0bb2f6f9f705b5f9766a7897c618c07fc","dup-68e8a582d5fb","True","QUARANTINE","UNKNOWN","","","current-runtime","Existing file; origin and redistribution rights not yet verified."
"test_ninja.png","texture","_root","6139","f2dd61a264c251b81e63da7a28ab0fdccd261b807e5fa7d1832a468e14a21078","","False","QUARANTINE","UNKNOWN","","","unassigned","Existing file; origin and redistribution rights not yet verified."
"test_pig.png","texture","_root","353","778a33eab2674e1fcf60c915ae327710af08ebaa586050ef9e30bb00307c21d8","","False","QUARANTINE","UNKNOWN","","","unassigned","Existing file; origin and redistribution rights not yet verified."
"world_grass_check.png","texture","_root","3679","68e8a582d5fb5ec8a2569d7c996834c0bb2f6f9f705b5f9766a7897c618c07fc","dup-68e8a582d5fb","False","QUARANTINE","UNKNOWN","","","unassigned","Existing file; origin and redistribution rights not yet verified."
