"path","referenced","provenance_status","action","priority","owner","replacement_target","rationale"
"assets/audio/ambience/amb_birds.ogg","False","VERIFIED","VERIFY_OR_REPLACE","P3","art-tech-debt","","Replaced with original project-generated CC0-1.0 asset (U4.2); distributable. See docs/assets/receipts/."
"assets/audio/ambience/amb_cicadas.ogg","False","VERIFIED","VERIFY_OR_REPLACE","P3","art-tech-debt","","Replaced with original project-generated CC0-1.0 asset (U4.2); distributable. See docs/assets/receipts/."
"assets/audio/ambience/amb_crickets.ogg","False","VERIFIED","VERIFY_OR_REPLACE","P3","art-tech-debt","","Replaced with original project-generated CC0-1.0 asset (U4.2); distributable. See docs/assets/receipts/."
"assets/audio/ambience/amb_rain.ogg","False","VERIFIED","VERIFY_OR_REPLACE","P3","art-tech-debt","","Replaced with original project-generated CC0-1.0 asset (U4.2); distributable. See docs/assets/receipts/."
"assets/audio/ambience/amb_train.ogg","False","VERIFIED","VERIFY_OR_REPLACE","P3","art-tech-debt","","Replaced with original project-generated CC0-1.0 asset (U4.2); distributable. See docs/assets/receipts/."
"assets/audio/ambience/amb_water.ogg","False","VERIFIED","VERIFY_OR_REPLACE","P3","art-tech-debt","","Replaced with original project-generated CC0-1.0 asset (U4.2); distributable. See docs/assets/receipts/."
"assets/audio/ambience/amb_wind.ogg","False","VERIFIED","VERIFY_OR_REPLACE","P3","art-tech-debt","","Replaced with original project-generated CC0-1.0 asset (U4.2); distributable. See docs/assets/receipts/."
"assets/audio/music/music_outskirts_danger.ogg","False","VERIFIED","VERIFY_OR_REPLACE","P3","art-tech-debt","","Replaced with original project-generated CC0-1.0 asset (U4.2); distributable. See docs/assets/receipts/."
"assets/audio/music/music_shrine_story.ogg","False","VERIFIED","VERIFY_OR_REPLACE","P3","art-tech-debt","","Replaced with original project-generated CC0-1.0 asset (U4.2); distributable. See docs/assets/receipts/."
"assets/audio/music/music_town_day.ogg","False","VERIFIED","VERIFY_OR_REPLACE","P3","art-tech-debt","","Replaced with original project-generated CC0-1.0 asset (U4.2); distributable. See docs/assets/receipts/."
"assets/audio/music/music_town_dusk.ogg","False","VERIFIED","VERIFY_OR_REPLACE","P3","art-tech-debt","","Replaced with original project-generated CC0-1.0 asset (U4.2); distributable. See docs/assets/receipts/."
"assets/audio/music/music_town_night.ogg","False","VERIFIED","VERIFY_OR_REPLACE","P3","art-tech-debt","","Replaced with original project-generated CC0-1.0 asset (U4.2); distributable. See docs/assets/receipts/."
"assets/audio/music/music_town_rain.ogg","False","VERIFIED","VERIFY_OR_REPLACE","P3","art-tech-debt","","Replaced with original project-generated CC0-1.0 asset (U4.2); distributable. See docs/assets/receipts/."
"assets/buildings/altar_stone.png","True","VERIFIED","VERIFY_OR_REPLACE","P0","gameplay-art","assets/game/buildings/","Replaced with original project-generated CC0-1.0 asset (U4.2); distributable. See docs/assets/receipts/."
"assets/buildings/anvil.png","True","VERIFIED","VERIFY_OR_REPLACE","P0","gameplay-art","assets/game/buildings/","Replaced with original project-generated CC0-1.0 asset (U4.2); distributable. See docs/assets/receipts/."
"assets/buildings/chest_wood.png","True","VERIFIED","VERIFY_OR_REPLACE","P0","gameplay-art","assets/game/buildings/","Replaced with original project-generated CC0-1.0 asset (U4.2); distributable. See docs/assets/receipts/."
"assets/buildings/compost_bin.png","True","VERIFIED","VERIFY_OR_REPLACE","P0","gameplay-art","assets/game/buildings/","Replaced with original project-generated CC0-1.0 asset (U4.2); distributable. See docs/assets/receipts/."
"assets/buildings/cooking_pot.png","True","VERIFIED","VERIFY_OR_REPLACE","P0","gameplay-art","assets/game/buildings/","Replaced with original project-generated CC0-1.0 asset (U4.2); distributable. See docs/assets/receipts/."
"assets/buildings/feed_barrel.png","True","VERIFIED","VERIFY_OR_REPLACE","P0","gameplay-art","assets/game/buildings/","Replaced with original project-generated CC0-1.0 asset (U4.2); distributable. See docs/assets/receipts/."
"assets/buildings/food_trough.png","False","QUARANTINE","HOLD_FOR_REVIEW","P2","gameplay-art","","Unreferenced content with unknown provenance; decide future use before removal or replacement."
"assets/buildings/furnace_stove.png","True","VERIFIED","VERIFY_OR_REPLACE","P0","gameplay-art","assets/game/buildings/","Replaced with original project-generated CC0-1.0 asset (U4.2); distributable. See docs/assets/receipts/."
"assets/buildings/hay_bed.png","True","VERIFIED","VERIFY_OR_REPLACE","P0","gameplay-art","assets/game/buildings/","Replaced with original project-generated CC0-1.0 asset (U4.2); distributable. See docs/assets/receipts/."
"assets/buildings/monster_nest.png","False","QUARANTINE","HOLD_FOR_REVIEW","P2","gameplay-art","","Unreferenced content with unknown provenance; decide future use before removal or replacement."
"assets/buildings/ranch_fence.png","True","VERIFIED","VERIFY_OR_REPLACE","P0","gameplay-art","assets/game/buildings/","Replaced with original project-generated CC0-1.0 asset (U4.2); distributable. See docs/assets/receipts/."
"assets/buildings/table_workbench.png","True","VERIFIED","VERIFY_OR_REPLACE","P0","gameplay-art","assets/game/buildings/","Replaced with original project-generated CC0-1.0 asset (U4.2); distributable. See docs/assets/receipts/."
"assets/fx/big_energy_ball.png","True","VERIFIED","VERIFY_OR_REPLACE","P0","vfx","assets/game/fx/","Replaced with original project-generated CC0-1.0 asset (U4.2); distributable. See docs/assets/receipts/."
"assets/fx/dust.png","True","VERIFIED","VERIFY_OR_REPLACE","P0","vfx","assets/game/fx/","Replaced with original project-generated CC0-1.0 asset (U4.2); distributable. See docs/assets/receipts/."
"assets/fx/energy_ball.png","True","VERIFIED","VERIFY_OR_REPLACE","P0","vfx","assets/game/fx/","Replaced with original project-generated CC0-1.0 asset (U4.2); distributable. See docs/assets/receipts/."
"assets/fx/fireball.png","True","VERIFIED","VERIFY_OR_REPLACE","P0","vfx","assets/game/fx/","Replaced with original project-generated CC0-1.0 asset (U4.2); distributable. See docs/assets/receipts/."
"assets/fx/ice_spike.png","False","QUARANTINE","HOLD_FOR_REVIEW","P2","vfx","","Unreferenced content with unknown provenance; decide future use before removal or replacement."
"assets/fx/leaf.png","True","VERIFIED","VERIFY_OR_REPLACE","P0","vfx","assets/game/fx/","Replaced with original project-generated CC0-1.0 asset (U4.2); distributable. See docs/assets/receipts/."
"assets/fx/light_radial.png","True","VERIFIED","VERIFY_OR_REPLACE","P0","vfx","assets/game/fx/","Replaced with original project-generated CC0-1.0 asset (U4.2); distributable. See docs/assets/receipts/."
"assets/fx/shadow.png","True","VERIFIED","VERIFY_OR_REPLACE","P0","vfx","assets/game/fx/","Replaced with original project-generated CC0-1.0 asset (U4.2); distributable. See docs/assets/receipts/."
"assets/fx/slash_sheet.png","True","VERIFIED","VERIFY_OR_REPLACE","P0","vfx","assets/game/fx/","Replaced with original project-generated CC0-1.0 asset (U4.2); distributable. See docs/assets/receipts/."
"assets/fx/spark.png","True","VERIFIED","VERIFY_OR_REPLACE","P0","vfx","assets/game/fx/","Replaced with original project-generated CC0-1.0 asset (U4.2); distributable. See docs/assets/receipts/."
"assets/hero/hero_sheet.png","True","VERIFIED","VERIFY_OR_REPLACE","P0","art-tech-debt","assets/game/hero/","Replaced with original project-generated CC0-1.0 asset (U4.2); distributable. See docs/assets/receipts/."
"assets/hero/palfox_sheet.png","True","VERIFIED","VERIFY_OR_REPLACE","P0","art-tech-debt","assets/game/hero/","Replaced with original project-generated CC0-1.0 asset (U4.2); distributable. See docs/assets/receipts/."
"assets/hunter/hunter_faceset.png","True","QUARANTINE","VERIFY_OR_REPLACE","P0","character-art","assets/game/hunter/","Runtime dependency with unknown provenance; verify source/license or replace before distribution."
"assets/hunter/hunter_sheet.png","False","QUARANTINE","HOLD_FOR_REVIEW","P2","character-art","","Unreferenced content with unknown provenance; decide future use before removal or replacement."
"assets/hunter/row_0.png","False","QUARANTINE","REMOVE_AFTER_REFERENCE_AUDIT","P3","character-art","","Unreferenced preview/test/intermediate file; remove only after snapshot and visual/reference audit."
"assets/hunter/row_1.png","False","QUARANTINE","REMOVE_AFTER_REFERENCE_AUDIT","P3","character-art","","Unreferenced preview/test/intermediate file; remove only after snapshot and visual/reference audit."
"assets/hunter/row_2.png","False","QUARANTINE","REMOVE_AFTER_REFERENCE_AUDIT","P3","character-art","","Unreferenced preview/test/intermediate file; remove only after snapshot and visual/reference audit."
"assets/hunter/row_3.png","False","QUARANTINE","REMOVE_AFTER_REFERENCE_AUDIT","P3","character-art","","Unreferenced preview/test/intermediate file; remove only after snapshot and visual/reference audit."
"assets/hunter/row_4.png","False","QUARANTINE","REMOVE_AFTER_REFERENCE_AUDIT","P3","character-art","","Unreferenced preview/test/intermediate file; remove only after snapshot and visual/reference audit."
"assets/hunter/row_5.png","False","QUARANTINE","REMOVE_AFTER_REFERENCE_AUDIT","P3","character-art","","Unreferenced preview/test/intermediate file; remove only after snapshot and visual/reference audit."
"assets/hunter/row_6.png","False","QUARANTINE","REMOVE_AFTER_REFERENCE_AUDIT","P3","character-art","","Unreferenced preview/test/intermediate file; remove only after snapshot and visual/reference audit."
"assets/items/beaf.png","True","VERIFIED","VERIFY_OR_REPLACE","P0","gameplay-art","assets/game/items/","Replaced with original project-generated CC0-1.0 asset (U4.2); distributable. See docs/assets/receipts/."
"assets/items/berry.png","True","VERIFIED","VERIFY_OR_REPLACE","P0","gameplay-art","assets/game/items/","Replaced with original project-generated CC0-1.0 asset (U4.2); distributable. See docs/assets/receipts/."
"assets/items/berry_basket.png","False","QUARANTINE","HOLD_FOR_REVIEW","P2","gameplay-art","","Unreferenced content with unknown provenance; decide future use before removal or replacement."
"assets/items/bread.png","True","VERIFIED","VERIFY_OR_REPLACE","P0","gameplay-art","assets/game/items/","Replaced with original project-generated CC0-1.0 asset (U4.2); distributable. See docs/assets/receipts/."
"assets/items/carrot.png","False","QUARANTINE","HOLD_FOR_REVIEW","P2","gameplay-art","","Unreferenced content with unknown provenance; decide future use before removal or replacement."
"assets/items/cooked_meat.png","True","VERIFIED","VERIFY_OR_REPLACE","P0","gameplay-art","assets/game/items/","Replaced with original project-generated CC0-1.0 asset (U4.2); distributable. See docs/assets/receipts/."
"assets/items/crop_stages.png","True","VERIFIED","VERIFY_OR_REPLACE","P0","gameplay-art","assets/game/items/","Replaced with original project-generated CC0-1.0 asset (U4.2); distributable. See docs/assets/receipts/."
"assets/items/fertilizer.png","True","VERIFIED","VERIFY_OR_REPLACE","P0","gameplay-art","assets/game/items/","Replaced with original project-generated CC0-1.0 asset (U4.2); distributable. See docs/assets/receipts/."
"assets/items/fish.png","False","QUARANTINE","HOLD_FOR_REVIEW","P2","gameplay-art","","Unreferenced content with unknown provenance; decide future use before removal or replacement."
"assets/items/flame_organ.png","False","QUARANTINE","HOLD_FOR_REVIEW","P2","gameplay-art","","Unreferenced content with unknown provenance; decide future use before removal or replacement."
"assets/items/giga_sphere.png","True","VERIFIED","VERIFY_OR_REPLACE","P0","gameplay-art","assets/game/items/","Replaced with original project-generated CC0-1.0 asset (U4.2); distributable. See docs/assets/receipts/."
"assets/items/hearty_stew.png","True","VERIFIED","VERIFY_OR_REPLACE","P0","gameplay-art","assets/game/items/","Replaced with original project-generated CC0-1.0 asset (U4.2); distributable. See docs/assets/receipts/."
"assets/items/iron_ingot.png","True","VERIFIED","VERIFY_OR_REPLACE","P0","gameplay-art","assets/game/items/","Replaced with original project-generated CC0-1.0 asset (U4.2); distributable. See docs/assets/receipts/."
"assets/items/mega_sphere.png","True","VERIFIED","VERIFY_OR_REPLACE","P0","gameplay-art","assets/game/items/","Replaced with original project-generated CC0-1.0 asset (U4.2); distributable. See docs/assets/receipts/."
"assets/items/pal_elixir.png","True","VERIFIED","VERIFY_OR_REPLACE","P0","gameplay-art","assets/game/items/","Replaced with original project-generated CC0-1.0 asset (U4.2); distributable. See docs/assets/receipts/."
"assets/items/pal_herb.png","True","VERIFIED","VERIFY_OR_REPLACE","P0","gameplay-art","assets/game/items/","Replaced with original project-generated CC0-1.0 asset (U4.2); distributable. See docs/assets/receipts/."
"assets/items/pal_herb_potion.png","False","QUARANTINE","HOLD_FOR_REVIEW","P2","gameplay-art","","Unreferenced content with unknown provenance; decide future use before removal or replacement."
"assets/items/pal_ingot.png","True","VERIFIED","VERIFY_OR_REPLACE","P0","gameplay-art","assets/game/items/","Replaced with original project-generated CC0-1.0 asset (U4.2); distributable. See docs/assets/receipts/."
"assets/items/pal_ore.png","True","VERIFIED","VERIFY_OR_REPLACE","P0","gameplay-art","assets/game/items/","Replaced with original project-generated CC0-1.0 asset (U4.2); distributable. See docs/assets/receipts/."
"assets/items/preview_market.png","False","QUARANTINE","REMOVE_AFTER_REFERENCE_AUDIT","P3","gameplay-art","","Unreferenced preview/test/intermediate file; remove only after snapshot and visual/reference audit."
"assets/items/purified_water.png","True","VERIFIED","VERIFY_OR_REPLACE","P0","gameplay-art","assets/game/items/","Replaced with original project-generated CC0-1.0 asset (U4.2); distributable. See docs/assets/receipts/."
"assets/items/seed.png","True","VERIFIED","VERIFY_OR_REPLACE","P0","gameplay-art","assets/game/items/","Replaced with original project-generated CC0-1.0 asset (U4.2); distributable. See docs/assets/receipts/."
"assets/items/slime_jelly.png","False","QUARANTINE","HOLD_FOR_REVIEW","P2","gameplay-art","","Unreferenced content with unknown provenance; decide future use before removal or replacement."
"assets/items/stone.png","True","VERIFIED","VERIFY_OR_REPLACE","P0","gameplay-art","assets/game/items/","Replaced with original project-generated CC0-1.0 asset (U4.2); distributable. See docs/assets/receipts/."
"assets/items/strawberry.png","True","VERIFIED","VERIFY_OR_REPLACE","P0","gameplay-art","assets/game/items/","Replaced with original project-generated CC0-1.0 asset (U4.2); distributable. See docs/assets/receipts/."
"assets/items/sword.png","True","VERIFIED","VERIFY_OR_REPLACE","P0","gameplay-art","assets/game/items/","Replaced with original project-generated CC0-1.0 asset (U4.2); distributable. See docs/assets/receipts/."
"assets/items/water_canteen.png","False","QUARANTINE","HOLD_FOR_REVIEW","P2","gameplay-art","","Unreferenced content with unknown provenance; decide future use before removal or replacement."
"assets/items/wheat.png","False","QUARANTINE","HOLD_FOR_REVIEW","P2","gameplay-art","","Unreferenced content with unknown provenance; decide future use before removal or replacement."
"assets/items/wheat_crop.png","True","VERIFIED","VERIFY_OR_REPLACE","P0","gameplay-art","assets/game/items/","Replaced with original project-generated CC0-1.0 asset (U4.2); distributable. See docs/assets/receipts/."
"assets/items/wood.png","True","VERIFIED","VERIFY_OR_REPLACE","P0","gameplay-art","assets/game/items/","Replaced with original project-generated CC0-1.0 asset (U4.2); distributable. See docs/assets/receipts/."
"assets/monsters/beast_sheet.png","True","QUARANTINE","VERIFY_OR_REPLACE","P0","character-art","assets/game/monsters/","Runtime dependency with unknown provenance; verify source/license or replace before distribution."
"assets/monsters/dragon_sheet.png","True","QUARANTINE","VERIFY_OR_REPLACE","P0","character-art","assets/game/monsters/","Runtime dependency with unknown provenance; verify source/license or replace before distribution."
"assets/monsters/flam/flam_sheet.png","False","QUARANTINE","DEDUP_AFTER_REFERENCE_AUDIT","P2","character-art","","Unreferenced byte-identical duplicate; retain until canonical path and external references are reviewed."
"assets/monsters/flam_sheet.png","True","QUARANTINE","VERIFY_OR_REPLACE","P0","character-art","assets/game/monsters/","Runtime dependency with unknown provenance; verify source/license or replace before distribution."
"assets/monsters/mushroom_sheet.png","True","QUARANTINE","VERIFY_OR_REPLACE","P0","character-art","assets/game/monsters/","Runtime dependency with unknown provenance; verify source/license or replace before distribution."
"assets/monsters/slime_sheet.png","True","QUARANTINE","VERIFY_OR_REPLACE","P0","character-art","assets/game/monsters/","Runtime dependency with unknown provenance; verify source/license or replace before distribution."
"assets/music/adventure_begin.ogg","True","VERIFIED","VERIFY_OR_REPLACE","P0","audio","assets/game/music/","Replaced with original project-generated CC0-1.0 asset (U4.2); distributable. See docs/assets/receipts/."
"assets/music/peaceful.ogg","False","QUARANTINE","HOLD_FOR_REVIEW","P2","audio","","Unreferenced content with unknown provenance; decide future use before removal or replacement."
"assets/sfx/alert.wav","True","VERIFIED","VERIFY_OR_REPLACE","P0","audio","assets/game/sfx/","Replaced with original project-generated CC0-1.0 asset (U4.2); distributable. See docs/assets/receipts/."
"assets/sfx/coin.wav","True","VERIFIED","VERIFY_OR_REPLACE","P0","audio","assets/game/sfx/","Replaced with original project-generated CC0-1.0 asset (U4.2); distributable. See docs/assets/receipts/."
"assets/sfx/fireball.wav","True","VERIFIED","VERIFY_OR_REPLACE","P0","audio","assets/game/sfx/","Replaced with original project-generated CC0-1.0 asset (U4.2); distributable. See docs/assets/receipts/."
"assets/sfx/hit.wav","True","VERIFIED","VERIFY_OR_REPLACE","P0","audio","assets/game/sfx/","Replaced with original project-generated CC0-1.0 asset (U4.2); distributable. See docs/assets/receipts/."
"assets/sfx/jump.wav","True","VERIFIED","VERIFY_OR_REPLACE","P0","audio","assets/game/sfx/","Replaced with original project-generated CC0-1.0 asset (U4.2); distributable. See docs/assets/receipts/."
"assets/sfx/powerup.wav","True","VERIFIED","VERIFY_OR_REPLACE","P0","audio","assets/game/sfx/","Replaced with original project-generated CC0-1.0 asset (U4.2); distributable. See docs/assets/receipts/."
"assets/sfx/success.wav","True","VERIFIED","VERIFY_OR_REPLACE","P0","audio","assets/game/sfx/","Replaced with original project-generated CC0-1.0 asset (U4.2); distributable. See docs/assets/receipts/."
"assets/sfx/sword.wav","True","VERIFIED","VERIFY_OR_REPLACE","P0","audio","assets/game/sfx/","Replaced with original project-generated CC0-1.0 asset (U4.2); distributable. See docs/assets/receipts/."
"assets/tilesets/camp_cobblestone.png","True","VERIFIED","VERIFY_OR_REPLACE","P0","environment-art","assets/game/tilesets/","Replaced with original project-generated CC0-1.0 asset (U4.2); distributable. See docs/assets/receipts/."
"assets/tilesets/floor_grass.png","False","QUARANTINE","HOLD_FOR_REVIEW","P2","environment-art","","Unreferenced content with unknown provenance; decide future use before removal or replacement."
"assets/tilesets/floor_path.png","False","QUARANTINE","HOLD_FOR_REVIEW","P2","environment-art","","Unreferenced content with unknown provenance; decide future use before removal or replacement."
"assets/tilesets/floor_sand.png","False","QUARANTINE","HOLD_FOR_REVIEW","P2","environment-art","","Unreferenced content with unknown provenance; decide future use before removal or replacement."
"assets/tilesets/floor_stone.png","False","QUARANTINE","HOLD_FOR_REVIEW","P2","environment-art","","Unreferenced content with unknown provenance; decide future use before removal or replacement."
"assets/tilesets/floor_water.png","True","VERIFIED","VERIFY_OR_REPLACE","P0","environment-art","assets/game/tilesets/","Replaced with original project-generated CC0-1.0 asset (U4.2); distributable. See docs/assets/receipts/."
"assets/tilesets/floor_wood.png","False","QUARANTINE","HOLD_FOR_REVIEW","P2","environment-art","","Unreferenced content with unknown provenance; decide future use before removal or replacement."
"assets/tilesets/grass_patch_48.png","False","QUARANTINE","HOLD_FOR_REVIEW","P2","environment-art","","Unreferenced content with unknown provenance; decide future use before removal or replacement."
"assets/tilesets/nature_boulder.png","True","VERIFIED","VERIFY_OR_REPLACE","P0","environment-art","assets/game/tilesets/","Replaced with original project-generated CC0-1.0 asset (U4.2); distributable. See docs/assets/receipts/."
"assets/tilesets/nature_bush.png","True","VERIFIED","VERIFY_OR_REPLACE","P0","environment-art","assets/game/tilesets/","Replaced with original project-generated CC0-1.0 asset (U4.2); distributable. See docs/assets/receipts/."
"assets/tilesets/nature_campfire.png","True","VERIFIED","VERIFY_OR_REPLACE","P0","environment-art","assets/game/tilesets/","Replaced with original project-generated CC0-1.0 asset (U4.2); distributable. See docs/assets/receipts/."
"assets/tilesets/nature_flowers.png","True","VERIFIED","VERIFY_OR_REPLACE","P0","environment-art","assets/game/tilesets/","Replaced with original project-generated CC0-1.0 asset (U4.2); distributable. See docs/assets/receipts/."
"assets/tilesets/nature_mushrooms.png","True","VERIFIED","VERIFY_OR_REPLACE","P0","environment-art","assets/game/tilesets/","Replaced with original project-generated CC0-1.0 asset (U4.2); distributable. See docs/assets/receipts/."
"assets/tilesets/nature_pal_rock.png","False","QUARANTINE","HOLD_FOR_REVIEW","P2","environment-art","","Unreferenced content with unknown provenance; decide future use before removal or replacement."
"assets/tilesets/nature_pine_tree.png","False","QUARANTINE","HOLD_FOR_REVIEW","P2","environment-art","","Unreferenced content with unknown provenance; decide future use before removal or replacement."
"assets/tilesets/nature_rock_boulder.png","False","QUARANTINE","HOLD_FOR_REVIEW","P2","environment-art","","Unreferenced content with unknown provenance; decide future use before removal or replacement."
"assets/tilesets/nature_rock_small.png","False","QUARANTINE","HOLD_FOR_REVIEW","P2","environment-art","","Unreferenced content with unknown provenance; decide future use before removal or replacement."
"assets/tilesets/nature_stump.png","True","VERIFIED","VERIFY_OR_REPLACE","P0","environment-art","assets/game/tilesets/","Replaced with original project-generated CC0-1.0 asset (U4.2); distributable. See docs/assets/receipts/."
"assets/tilesets/nature_tall_tree.png","False","QUARANTINE","HOLD_FOR_REVIEW","P2","environment-art","","Unreferenced content with unknown provenance; decide future use before removal or replacement."
"assets/tilesets/nature_tree_lush.png","False","QUARANTINE","HOLD_FOR_REVIEW","P2","environment-art","","Unreferenced content with unknown provenance; decide future use before removal or replacement."
"assets/tilesets/nature_tree_oak.png","True","VERIFIED","VERIFY_OR_REPLACE","P0","environment-art","assets/game/tilesets/","Replaced with original project-generated CC0-1.0 asset (U4.2); distributable. See docs/assets/receipts/."
"assets/tilesets/nature_tree_pine.png","False","QUARANTINE","HOLD_FOR_REVIEW","P2","environment-art","","Unreferenced content with unknown provenance; decide future use before removal or replacement."
"assets/tilesets/pal_crystal_ore.png","True","VERIFIED","VERIFY_OR_REPLACE","P0","environment-art","assets/game/tilesets/","Replaced with original project-generated CC0-1.0 asset (U4.2); distributable. See docs/assets/receipts/."
"assets/tilesets/preview_field.png","False","QUARANTINE","REMOVE_AFTER_REFERENCE_AUDIT","P3","environment-art","","Unreferenced preview/test/intermediate file; remove only after snapshot and visual/reference audit."
"assets/tilesets/preview_floor_bottom.png","False","QUARANTINE","REMOVE_AFTER_REFERENCE_AUDIT","P3","environment-art","","Unreferenced preview/test/intermediate file; remove only after snapshot and visual/reference audit."
"assets/tilesets/preview_floor_middle.png","False","QUARANTINE","REMOVE_AFTER_REFERENCE_AUDIT","P3","environment-art","","Unreferenced preview/test/intermediate file; remove only after snapshot and visual/reference audit."
"assets/tilesets/preview_floor_top.png","False","QUARANTINE","REMOVE_AFTER_REFERENCE_AUDIT","P3","environment-art","","Unreferenced preview/test/intermediate file; remove only after snapshot and visual/reference audit."
"assets/tilesets/preview_house_bottom.png","False","QUARANTINE","REMOVE_AFTER_REFERENCE_AUDIT","P3","environment-art","","Unreferenced preview/test/intermediate file; remove only after snapshot and visual/reference audit."
"assets/tilesets/preview_house_top.png","False","QUARANTINE","REMOVE_AFTER_REFERENCE_AUDIT","P3","environment-art","","Unreferenced preview/test/intermediate file; remove only after snapshot and visual/reference audit."
"assets/tilesets/preview_nature_bottom.png","False","QUARANTINE","REMOVE_AFTER_REFERENCE_AUDIT","P3","environment-art","","Unreferenced preview/test/intermediate file; remove only after snapshot and visual/reference audit."
"assets/tilesets/preview_nature_top.png","False","QUARANTINE","REMOVE_AFTER_REFERENCE_AUDIT","P3","environment-art","","Unreferenced preview/test/intermediate file; remove only after snapshot and visual/reference audit."
"assets/tilesets/test_bridge.png","False","QUARANTINE","REMOVE_AFTER_REFERENCE_AUDIT","P3","environment-art","","Unreferenced preview/test/intermediate file; remove only after snapshot and visual/reference audit."
"assets/tilesets/test_dojo.png","False","QUARANTINE","REMOVE_AFTER_REFERENCE_AUDIT","P3","environment-art","","Unreferenced preview/test/intermediate file; remove only after snapshot and visual/reference audit."
"assets/tilesets/test_grass_0.png","False","QUARANTINE","REMOVE_AFTER_REFERENCE_AUDIT","P3","environment-art","","Unreferenced preview/test/intermediate file; remove only after snapshot and visual/reference audit."
"assets/tilesets/test_grass_1.png","False","QUARANTINE","REMOVE_AFTER_REFERENCE_AUDIT","P3","environment-art","","Unreferenced preview/test/intermediate file; remove only after snapshot and visual/reference audit."
"assets/tilesets/test_grass_10.png","False","QUARANTINE","REMOVE_AFTER_REFERENCE_AUDIT","P3","environment-art","","Unreferenced preview/test/intermediate file; remove only after snapshot and visual/reference audit."
"assets/tilesets/test_grass_11.png","False","QUARANTINE","REMOVE_AFTER_REFERENCE_AUDIT","P3","environment-art","","Unreferenced preview/test/intermediate file; remove only after snapshot and visual/reference audit."
"assets/tilesets/test_grass_12.png","False","QUARANTINE","REMOVE_AFTER_REFERENCE_AUDIT","P3","environment-art","","Unreferenced preview/test/intermediate file; remove only after snapshot and visual/reference audit."
"assets/tilesets/test_grass_13.png","False","QUARANTINE","REMOVE_AFTER_REFERENCE_AUDIT","P3","environment-art","","Unreferenced preview/test/intermediate file; remove only after snapshot and visual/reference audit."
"assets/tilesets/test_grass_14.png","False","QUARANTINE","REMOVE_AFTER_REFERENCE_AUDIT","P3","environment-art","","Unreferenced preview/test/intermediate file; remove only after snapshot and visual/reference audit."
"assets/tilesets/test_grass_15.png","False","QUARANTINE","REMOVE_AFTER_REFERENCE_AUDIT","P3","environment-art","","Unreferenced preview/test/intermediate file; remove only after snapshot and visual/reference audit."
"assets/tilesets/test_grass_16.png","False","QUARANTINE","REMOVE_AFTER_REFERENCE_AUDIT","P3","environment-art","","Unreferenced preview/test/intermediate file; remove only after snapshot and visual/reference audit."
"assets/tilesets/test_grass_17.png","False","QUARANTINE","REMOVE_AFTER_REFERENCE_AUDIT","P3","environment-art","","Unreferenced preview/test/intermediate file; remove only after snapshot and visual/reference audit."
"assets/tilesets/test_grass_18.png","False","QUARANTINE","REMOVE_AFTER_REFERENCE_AUDIT","P3","environment-art","","Unreferenced preview/test/intermediate file; remove only after snapshot and visual/reference audit."
"assets/tilesets/test_grass_19.png","False","QUARANTINE","REMOVE_AFTER_REFERENCE_AUDIT","P3","environment-art","","Unreferenced preview/test/intermediate file; remove only after snapshot and visual/reference audit."
"assets/tilesets/test_grass_2.png","False","QUARANTINE","REMOVE_AFTER_REFERENCE_AUDIT","P3","environment-art","","Unreferenced preview/test/intermediate file; remove only after snapshot and visual/reference audit."
"assets/tilesets/test_grass_20.png","False","QUARANTINE","REMOVE_AFTER_REFERENCE_AUDIT","P3","environment-art","","Unreferenced preview/test/intermediate file; remove only after snapshot and visual/reference audit."
"assets/tilesets/test_grass_21.png","False","QUARANTINE","REMOVE_AFTER_REFERENCE_AUDIT","P3","environment-art","","Unreferenced preview/test/intermediate file; remove only after snapshot and visual/reference audit."
"assets/tilesets/test_grass_3.png","False","QUARANTINE","REMOVE_AFTER_REFERENCE_AUDIT","P3","environment-art","","Unreferenced preview/test/intermediate file; remove only after snapshot and visual/reference audit."
"assets/tilesets/test_grass_4.png","False","QUARANTINE","REMOVE_AFTER_REFERENCE_AUDIT","P3","environment-art","","Unreferenced preview/test/intermediate file; remove only after snapshot and visual/reference audit."
"assets/tilesets/test_grass_5.png","False","QUARANTINE","REMOVE_AFTER_REFERENCE_AUDIT","P3","environment-art","","Unreferenced preview/test/intermediate file; remove only after snapshot and visual/reference audit."
"assets/tilesets/test_grass_6.png","False","QUARANTINE","REMOVE_AFTER_REFERENCE_AUDIT","P3","environment-art","","Unreferenced preview/test/intermediate file; remove only after snapshot and visual/reference audit."
"assets/tilesets/test_grass_7.png","False","QUARANTINE","REMOVE_AFTER_REFERENCE_AUDIT","P3","environment-art","","Unreferenced preview/test/intermediate file; remove only after snapshot and visual/reference audit."
"assets/tilesets/test_grass_8.png","False","QUARANTINE","REMOVE_AFTER_REFERENCE_AUDIT","P3","environment-art","","Unreferenced preview/test/intermediate file; remove only after snapshot and visual/reference audit."
"assets/tilesets/test_grass_9.png","False","QUARANTINE","REMOVE_AFTER_REFERENCE_AUDIT","P3","environment-art","","Unreferenced preview/test/intermediate file; remove only after snapshot and visual/reference audit."
"assets/tilesets/test_oak_tree.png","False","QUARANTINE","REMOVE_AFTER_REFERENCE_AUDIT","P3","environment-art","","Unreferenced preview/test/intermediate file; remove only after snapshot and visual/reference audit."
"assets/tilesets/test_path.png","False","QUARANTINE","REMOVE_AFTER_REFERENCE_AUDIT","P3","environment-art","","Unreferenced preview/test/intermediate file; remove only after snapshot and visual/reference audit."
"assets/tilesets/test_plank.png","False","QUARANTINE","REMOVE_AFTER_REFERENCE_AUDIT","P3","environment-art","","Unreferenced preview/test/intermediate file; remove only after snapshot and visual/reference audit."
"assets/tilesets/test_stone_0.png","False","QUARANTINE","REMOVE_AFTER_REFERENCE_AUDIT","P3","environment-art","","Unreferenced preview/test/intermediate file; remove only after snapshot and visual/reference audit."
"assets/tilesets/test_stone_1.png","False","QUARANTINE","REMOVE_AFTER_REFERENCE_AUDIT","P3","environment-art","","Unreferenced preview/test/intermediate file; remove only after snapshot and visual/reference audit."
"assets/tilesets/test_stone_10.png","False","QUARANTINE","REMOVE_AFTER_REFERENCE_AUDIT","P3","environment-art","","Unreferenced preview/test/intermediate file; remove only after snapshot and visual/reference audit."
"assets/tilesets/test_stone_11.png","False","QUARANTINE","REMOVE_AFTER_REFERENCE_AUDIT","P3","environment-art","","Unreferenced preview/test/intermediate file; remove only after snapshot and visual/reference audit."
"assets/tilesets/test_stone_12.png","False","QUARANTINE","REMOVE_AFTER_REFERENCE_AUDIT","P3","environment-art","","Unreferenced preview/test/intermediate file; remove only after snapshot and visual/reference audit."
"assets/tilesets/test_stone_13.png","False","QUARANTINE","REMOVE_AFTER_REFERENCE_AUDIT","P3","environment-art","","Unreferenced preview/test/intermediate file; remove only after snapshot and visual/reference audit."
"assets/tilesets/test_stone_14.png","False","QUARANTINE","REMOVE_AFTER_REFERENCE_AUDIT","P3","environment-art","","Unreferenced preview/test/intermediate file; remove only after snapshot and visual/reference audit."
"assets/tilesets/test_stone_15.png","False","QUARANTINE","REMOVE_AFTER_REFERENCE_AUDIT","P3","environment-art","","Unreferenced preview/test/intermediate file; remove only after snapshot and visual/reference audit."
"assets/tilesets/test_stone_16.png","False","QUARANTINE","REMOVE_AFTER_REFERENCE_AUDIT","P3","environment-art","","Unreferenced preview/test/intermediate file; remove only after snapshot and visual/reference audit."
"assets/tilesets/test_stone_17.png","False","QUARANTINE","REMOVE_AFTER_REFERENCE_AUDIT","P3","environment-art","","Unreferenced preview/test/intermediate file; remove only after snapshot and visual/reference audit."
"assets/tilesets/test_stone_18.png","False","QUARANTINE","REMOVE_AFTER_REFERENCE_AUDIT","P3","environment-art","","Unreferenced preview/test/intermediate file; remove only after snapshot and visual/reference audit."
"assets/tilesets/test_stone_19.png","False","QUARANTINE","REMOVE_AFTER_REFERENCE_AUDIT","P3","environment-art","","Unreferenced preview/test/intermediate file; remove only after snapshot and visual/reference audit."
"assets/tilesets/test_stone_2.png","False","QUARANTINE","REMOVE_AFTER_REFERENCE_AUDIT","P3","environment-art","","Unreferenced preview/test/intermediate file; remove only after snapshot and visual/reference audit."
"assets/tilesets/test_stone_20.png","False","QUARANTINE","REMOVE_AFTER_REFERENCE_AUDIT","P3","environment-art","","Unreferenced preview/test/intermediate file; remove only after snapshot and visual/reference audit."
"assets/tilesets/test_stone_21.png","False","QUARANTINE","REMOVE_AFTER_REFERENCE_AUDIT","P3","environment-art","","Unreferenced preview/test/intermediate file; remove only after snapshot and visual/reference audit."
"assets/tilesets/test_stone_3.png","False","QUARANTINE","REMOVE_AFTER_REFERENCE_AUDIT","P3","environment-art","","Unreferenced preview/test/intermediate file; remove only after snapshot and visual/reference audit."
"assets/tilesets/test_stone_4.png","False","QUARANTINE","REMOVE_AFTER_REFERENCE_AUDIT","P3","environment-art","","Unreferenced preview/test/intermediate file; remove only after snapshot and visual/reference audit."
"assets/tilesets/test_stone_5.png","False","QUARANTINE","REMOVE_AFTER_REFERENCE_AUDIT","P3","environment-art","","Unreferenced preview/test/intermediate file; remove only after snapshot and visual/reference audit."
"assets/tilesets/test_stone_6.png","False","QUARANTINE","REMOVE_AFTER_REFERENCE_AUDIT","P3","environment-art","","Unreferenced preview/test/intermediate file; remove only after snapshot and visual/reference audit."
"assets/tilesets/test_stone_7.png","False","QUARANTINE","REMOVE_AFTER_REFERENCE_AUDIT","P3","environment-art","","Unreferenced preview/test/intermediate file; remove only after snapshot and visual/reference audit."
"assets/tilesets/test_stone_8.png","False","QUARANTINE","REMOVE_AFTER_REFERENCE_AUDIT","P3","environment-art","","Unreferenced preview/test/intermediate file; remove only after snapshot and visual/reference audit."
"assets/tilesets/test_stone_9.png","False","QUARANTINE","REMOVE_AFTER_REFERENCE_AUDIT","P3","environment-art","","Unreferenced preview/test/intermediate file; remove only after snapshot and visual/reference audit."
"assets/tilesets/test_stone_floor.png","False","QUARANTINE","REMOVE_AFTER_REFERENCE_AUDIT","P3","environment-art","","Unreferenced preview/test/intermediate file; remove only after snapshot and visual/reference audit."
"assets/tilesets/tileset_field.png","True","VERIFIED","VERIFY_OR_REPLACE","P0","environment-art","assets/game/tilesets/","Replaced with original project-generated CC0-1.0 asset (U4.2); distributable. See docs/assets/receipts/."
"assets/tilesets/tileset_floor.png","False","QUARANTINE","HOLD_FOR_REVIEW","P2","environment-art","","Unreferenced content with unknown provenance; decide future use before removal or replacement."
"assets/tilesets/tileset_house.png","False","QUARANTINE","HOLD_FOR_REVIEW","P2","environment-art","","Unreferenced content with unknown provenance; decide future use before removal or replacement."
"assets/tilesets/tileset_nature.png","False","QUARANTINE","HOLD_FOR_REVIEW","P2","environment-art","","Unreferenced content with unknown provenance; decide future use before removal or replacement."
"assets/tilesets/world_grass_tiled.png","True","VERIFIED","VERIFY_OR_REPLACE","P0","environment-art","assets/game/tilesets/","Replaced with original project-generated CC0-1.0 asset (U4.2); distributable. See docs/assets/receipts/."
"assets/town/bridge.png","True","VERIFIED","VERIFY_OR_REPLACE","P0","art-tech-debt","assets/game/town/","Replaced with original project-generated CC0-1.0 asset (U4.2); distributable. See docs/assets/receipts/."
"assets/town/bulletin.png","True","VERIFIED","VERIFY_OR_REPLACE","P0","art-tech-debt","assets/game/town/","Replaced with original project-generated CC0-1.0 asset (U4.2); distributable. See docs/assets/receipts/."
"assets/town/clock_tower.png","True","VERIFIED","VERIFY_OR_REPLACE","P0","art-tech-debt","assets/game/town/","Replaced with original project-generated CC0-1.0 asset (U4.2); distributable. See docs/assets/receipts/."
"assets/town/dock.png","True","VERIFIED","VERIFY_OR_REPLACE","P0","art-tech-debt","assets/game/town/","Replaced with original project-generated CC0-1.0 asset (U4.2); distributable. See docs/assets/receipts/."
"assets/town/house_a.png","True","VERIFIED","VERIFY_OR_REPLACE","P0","art-tech-debt","assets/game/town/","Replaced with original project-generated CC0-1.0 asset (U4.2); distributable. See docs/assets/receipts/."
"assets/town/house_b.png","True","VERIFIED","VERIFY_OR_REPLACE","P0","art-tech-debt","assets/game/town/","Replaced with original project-generated CC0-1.0 asset (U4.2); distributable. See docs/assets/receipts/."
"assets/town/lake.png","True","VERIFIED","VERIFY_OR_REPLACE","P0","art-tech-debt","assets/game/town/","Replaced with original project-generated CC0-1.0 asset (U4.2); distributable. See docs/assets/receipts/."
"assets/town/platform.png","True","VERIFIED","VERIFY_OR_REPLACE","P0","art-tech-debt","assets/game/town/","Replaced with original project-generated CC0-1.0 asset (U4.2); distributable. See docs/assets/receipts/."
"assets/town/plaza_tile.png","False","VERIFIED","VERIFY_OR_REPLACE","P3","art-tech-debt","","Replaced with original project-generated CC0-1.0 asset (U4.2); distributable. See docs/assets/receipts/."
"assets/town/power_pole.png","False","VERIFIED","VERIFY_OR_REPLACE","P3","art-tech-debt","","Replaced with original project-generated CC0-1.0 asset (U4.2); distributable. See docs/assets/receipts/."
"assets/town/sakura_tree.png","False","VERIFIED","VERIFY_OR_REPLACE","P3","art-tech-debt","","Replaced with original project-generated CC0-1.0 asset (U4.2); distributable. See docs/assets/receipts/."
"assets/town/shrine_hall.png","True","VERIFIED","VERIFY_OR_REPLACE","P0","art-tech-debt","assets/game/town/","Replaced with original project-generated CC0-1.0 asset (U4.2); distributable. See docs/assets/receipts/."
"assets/town/stall.png","True","VERIFIED","VERIFY_OR_REPLACE","P0","art-tech-debt","assets/game/town/","Replaced with original project-generated CC0-1.0 asset (U4.2); distributable. See docs/assets/receipts/."
"assets/town/station_hall.png","True","VERIFIED","VERIFY_OR_REPLACE","P0","art-tech-debt","assets/game/town/","Replaced with original project-generated CC0-1.0 asset (U4.2); distributable. See docs/assets/receipts/."
"assets/town/stone_lantern.png","True","VERIFIED","VERIFY_OR_REPLACE","P0","art-tech-debt","assets/game/town/","Replaced with original project-generated CC0-1.0 asset (U4.2); distributable. See docs/assets/receipts/."
"assets/town/stone_path.png","False","VERIFIED","VERIFY_OR_REPLACE","P3","art-tech-debt","","Replaced with original project-generated CC0-1.0 asset (U4.2); distributable. See docs/assets/receipts/."
"assets/town/torii.png","True","VERIFIED","VERIFY_OR_REPLACE","P0","art-tech-debt","assets/game/town/","Replaced with original project-generated CC0-1.0 asset (U4.2); distributable. See docs/assets/receipts/."
"assets/town/town_gate.png","True","VERIFIED","VERIFY_OR_REPLACE","P0","art-tech-debt","assets/game/town/","Replaced with original project-generated CC0-1.0 asset (U4.2); distributable. See docs/assets/receipts/."
"assets/town/vending.png","True","VERIFIED","VERIFY_OR_REPLACE","P0","art-tech-debt","assets/game/town/","Replaced with original project-generated CC0-1.0 asset (U4.2); distributable. See docs/assets/receipts/."
"test_ninja.png","False","QUARANTINE","REMOVE_AFTER_REFERENCE_AUDIT","P3","art-tech-debt","","Unreferenced preview/test/intermediate file; remove only after snapshot and visual/reference audit."
"test_pig.png","False","QUARANTINE","REMOVE_AFTER_REFERENCE_AUDIT","P3","art-tech-debt","","Unreferenced preview/test/intermediate file; remove only after snapshot and visual/reference audit."
"world_grass_check.png","False","QUARANTINE","HOLD_FOR_REVIEW","P2","art-tech-debt","","Unreferenced content with unknown provenance; decide future use before removal or replacement."
