path,provenance_status,license_spdx,author,source_page,intended_use,notes
assets/items/beaf.png,VERIFIED,CC0-1.0,Paloria project,tools/generate_placeholders.py,current-runtime,Original asset generated by project tool (U4.2); no third-party pixels/samples. See docs/assets/receipts/u4.2-original-assets.md.
assets/items/berry.png,VERIFIED,CC0-1.0,Paloria project,tools/generate_placeholders.py,current-runtime,Original asset generated by project tool (U4.2); no third-party pixels/samples. See docs/assets/receipts/u4.2-original-assets.md.
assets/items/bread.png,VERIFIED,CC0-1.0,Paloria project,tools/generate_placeholders.py,current-runtime,Original asset generated by project tool (U4.2); no third-party pixels/samples. See docs/assets/receipts/u4.2-original-assets.md.
assets/items/cooked_meat.png,VERIFIED,CC0-1.0,Paloria project,tools/generate_placeholders.py,current-runtime,Original asset generated by project tool (U4.2); no third-party pixels/samples. See docs/assets/receipts/u4.2-original-assets.md.
assets/items/fertilizer.png,VERIFIED,CC0-1.0,Paloria project,tools/generate_placeholders.py,current-runtime,Original asset generated by project tool (U4.2); no third-party pixels/samples. See docs/assets/receipts/u4.2-original-assets.md.
assets/items/giga_sphere.png,VERIFIED,CC0-1.0,Paloria project,tools/generate_placeholders.py,current-runtime,Original asset generated by project tool (U4.2); no third-party pixels/samples. See docs/assets/receipts/u4.2-original-assets.md.
assets/items/mega_sphere.png,VERIFIED,CC0-1.0,Paloria project,tools/generate_placeholders.py,current-runtime,Original asset generated by project tool (U4.2); no third-party pixels/samples. See docs/assets/receipts/u4.2-original-assets.md.
assets/items/hearty_stew.png,VERIFIED,CC0-1.0,Paloria project,tools/generate_placeholders.py,current-runtime,Original asset generated by project tool (U4.2); no third-party pixels/samples. See docs/assets/receipts/u4.2-original-assets.md.
assets/items/iron_ingot.png,VERIFIED,CC0-1.0,Paloria project,tools/generate_placeholders.py,current-runtime,Original asset generated by project tool (U4.2); no third-party pixels/samples. See docs/assets/receipts/u4.2-original-assets.md.
assets/items/pal_elixir.png,VERIFIED,CC0-1.0,Paloria project,tools/generate_placeholders.py,current-runtime,Original asset generated by project tool (U4.2); no third-party pixels/samples. See docs/assets/receipts/u4.2-original-assets.md.
assets/items/pal_herb.png,VERIFIED,CC0-1.0,Paloria project,tools/generate_placeholders.py,current-runtime,Original asset generated by project tool (U4.2); no third-party pixels/samples. See docs/assets/receipts/u4.2-original-assets.md.
assets/items/pal_ingot.png,VERIFIED,CC0-1.0,Paloria project,tools/generate_placeholders.py,current-runtime,Original asset generated by project tool (U4.2); no third-party pixels/samples. See docs/assets/receipts/u4.2-original-assets.md.
assets/items/pal_ore.png,VERIFIED,CC0-1.0,Paloria project,tools/generate_placeholders.py,current-runtime,Original asset generated by project tool (U4.2); no third-party pixels/samples. See docs/assets/receipts/u4.2-original-assets.md.
assets/items/purified_water.png,VERIFIED,CC0-1.0,Paloria project,tools/generate_placeholders.py,current-runtime,Original asset generated by project tool (U4.2); no third-party pixels/samples. See docs/assets/receipts/u4.2-original-assets.md.
assets/items/seed.png,VERIFIED,CC0-1.0,Paloria project,tools/generate_placeholders.py,current-runtime,Original asset generated by project tool (U4.2); no third-party pixels/samples. See docs/assets/receipts/u4.2-original-assets.md.
assets/items/stone.png,VERIFIED,CC0-1.0,Paloria project,tools/generate_placeholders.py,current-runtime,Original asset generated by project tool (U4.2); no third-party pixels/samples. See docs/assets/receipts/u4.2-original-assets.md.
assets/items/strawberry.png,VERIFIED,CC0-1.0,Paloria project,tools/generate_placeholders.py,current-runtime,Original asset generated by project tool (U4.2); no third-party pixels/samples. See docs/assets/receipts/u4.2-original-assets.md.
assets/items/sword.png,VERIFIED,CC0-1.0,Paloria project,tools/generate_placeholders.py,current-runtime,Original asset generated by project tool (U4.2); no third-party pixels/samples. See docs/assets/receipts/u4.2-original-assets.md.
assets/items/wheat_crop.png,VERIFIED,CC0-1.0,Paloria project,tools/generate_placeholders.py,current-runtime,Original asset generated by project tool (U4.2); no third-party pixels/samples. See docs/assets/receipts/u4.2-original-assets.md.
assets/items/wood.png,VERIFIED,CC0-1.0,Paloria project,tools/generate_placeholders.py,current-runtime,Original asset generated by project tool (U4.2); no third-party pixels/samples. See docs/assets/receipts/u4.2-original-assets.md.
assets/items/crop_stages.png,VERIFIED,CC0-1.0,Paloria project,tools/generate_placeholders.py,current-runtime,Original asset generated by project tool (U4.2); no third-party pixels/samples. See docs/assets/receipts/u4.2-original-assets.md.
assets/buildings/chest_wood.png,VERIFIED,CC0-1.0,Paloria project,tools/generate_placeholders.py,current-runtime,Original asset generated by project tool (U4.2); no third-party pixels/samples. See docs/assets/receipts/u4.2-original-assets.md.
assets/buildings/cooking_pot.png,VERIFIED,CC0-1.0,Paloria project,tools/generate_placeholders.py,current-runtime,Original asset generated by project tool (U4.2); no third-party pixels/samples. See docs/assets/receipts/u4.2-original-assets.md.
assets/buildings/furnace_stove.png,VERIFIED,CC0-1.0,Paloria project,tools/generate_placeholders.py,current-runtime,Original asset generated by project tool (U4.2); no third-party pixels/samples. See docs/assets/receipts/u4.2-original-assets.md.
assets/buildings/anvil.png,VERIFIED,CC0-1.0,Paloria project,tools/generate_placeholders.py,current-runtime,Original asset generated by project tool (U4.2); no third-party pixels/samples. See docs/assets/receipts/u4.2-original-assets.md.
assets/buildings/compost_bin.png,VERIFIED,CC0-1.0,Paloria project,tools/generate_placeholders.py,current-runtime,Original asset generated by project tool (U4.2); no third-party pixels/samples. See docs/assets/receipts/u4.2-original-assets.md.
assets/buildings/feed_barrel.png,VERIFIED,CC0-1.0,Paloria project,tools/generate_placeholders.py,current-runtime,Original asset generated by project tool (U4.2); no third-party pixels/samples. See docs/assets/receipts/u4.2-original-assets.md.
assets/buildings/hay_bed.png,VERIFIED,CC0-1.0,Paloria project,tools/generate_placeholders.py,current-runtime,Original asset generated by project tool (U4.2); no third-party pixels/samples. See docs/assets/receipts/u4.2-original-assets.md.
assets/buildings/ranch_fence.png,VERIFIED,CC0-1.0,Paloria project,tools/generate_placeholders.py,current-runtime,Original asset generated by project tool (U4.2); no third-party pixels/samples. See docs/assets/receipts/u4.2-original-assets.md.
assets/buildings/table_workbench.png,VERIFIED,CC0-1.0,Paloria project,tools/generate_placeholders.py,current-runtime,Original asset generated by project tool (U4.2); no third-party pixels/samples. See docs/assets/receipts/u4.2-original-assets.md.
assets/buildings/altar_stone.png,VERIFIED,CC0-1.0,Paloria project,tools/generate_placeholders.py,current-runtime,Original asset generated by project tool (U4.2); no third-party pixels/samples. See docs/assets/receipts/u4.2-original-assets.md.
assets/tilesets/world_grass_tiled.png,VERIFIED,CC0-1.0,Paloria project,tools/generate_placeholders.py,current-runtime,Original asset generated by project tool (U4.2); no third-party pixels/samples. See docs/assets/receipts/u4.2-original-assets.md.
assets/tilesets/camp_cobblestone.png,VERIFIED,CC0-1.0,Paloria project,tools/generate_placeholders.py,current-runtime,Original asset generated by project tool (U4.2); no third-party pixels/samples. See docs/assets/receipts/u4.2-original-assets.md.
assets/tilesets/floor_water.png,VERIFIED,CC0-1.0,Paloria project,tools/generate_placeholders.py,current-runtime,Original asset generated by project tool (U4.2); no third-party pixels/samples. See docs/assets/receipts/u4.2-original-assets.md.
assets/tilesets/nature_boulder.png,VERIFIED,CC0-1.0,Paloria project,tools/generate_placeholders.py,current-runtime,Original asset generated by project tool (U4.2); no third-party pixels/samples. See docs/assets/receipts/u4.2-original-assets.md.
assets/tilesets/nature_bush.png,VERIFIED,CC0-1.0,Paloria project,tools/generate_placeholders.py,current-runtime,Original asset generated by project tool (U4.2); no third-party pixels/samples. See docs/assets/receipts/u4.2-original-assets.md.
assets/tilesets/nature_campfire.png,VERIFIED,CC0-1.0,Paloria project,tools/generate_placeholders.py,current-runtime,Original asset generated by project tool (U4.2); no third-party pixels/samples. See docs/assets/receipts/u4.2-original-assets.md.
assets/tilesets/nature_flowers.png,VERIFIED,CC0-1.0,Paloria project,tools/generate_placeholders.py,current-runtime,Original asset generated by project tool (U4.2); no third-party pixels/samples. See docs/assets/receipts/u4.2-original-assets.md.
assets/tilesets/nature_mushrooms.png,VERIFIED,CC0-1.0,Paloria project,tools/generate_placeholders.py,current-runtime,Original asset generated by project tool (U4.2); no third-party pixels/samples. See docs/assets/receipts/u4.2-original-assets.md.
assets/tilesets/nature_stump.png,VERIFIED,CC0-1.0,Paloria project,tools/generate_placeholders.py,current-runtime,Original asset generated by project tool (U4.2); no third-party pixels/samples. See docs/assets/receipts/u4.2-original-assets.md.
assets/tilesets/nature_tree_oak.png,VERIFIED,CC0-1.0,Paloria project,tools/generate_placeholders.py,current-runtime,Original asset generated by project tool (U4.2); no third-party pixels/samples. See docs/assets/receipts/u4.2-original-assets.md.
assets/tilesets/pal_crystal_ore.png,VERIFIED,CC0-1.0,Paloria project,tools/generate_placeholders.py,current-runtime,Original asset generated by project tool (U4.2); no third-party pixels/samples. See docs/assets/receipts/u4.2-original-assets.md.
assets/tilesets/tileset_field.png,VERIFIED,CC0-1.0,Paloria project,tools/generate_placeholders.py,current-runtime,Original asset generated by project tool (U4.2); no third-party pixels/samples. See docs/assets/receipts/u4.2-original-assets.md.
assets/fx/energy_ball.png,VERIFIED,CC0-1.0,Paloria project,tools/generate_placeholders.py,current-runtime,Original asset generated by project tool (U4.2); no third-party pixels/samples. See docs/assets/receipts/u4.2-original-assets.md.
assets/fx/fireball.png,VERIFIED,CC0-1.0,Paloria project,tools/generate_placeholders.py,current-runtime,Original asset generated by project tool (U4.2); no third-party pixels/samples. See docs/assets/receipts/u4.2-original-assets.md.
assets/fx/big_energy_ball.png,VERIFIED,CC0-1.0,Paloria project,tools/generate_placeholders.py,current-runtime,Original asset generated by project tool (U4.2); no third-party pixels/samples. See docs/assets/receipts/u4.2-original-assets.md.
assets/fx/slash_sheet.png,VERIFIED,CC0-1.0,Paloria project,tools/generate_placeholders.py,current-runtime,Original asset generated by project tool (U4.2); no third-party pixels/samples. See docs/assets/receipts/u4.2-original-assets.md.
assets/fx/dust.png,VERIFIED,CC0-1.0,Paloria project,tools/generate_placeholders.py,current-runtime,Original asset generated by project tool (U4.2); no third-party pixels/samples. See docs/assets/receipts/u4.2-original-assets.md.
assets/fx/leaf.png,VERIFIED,CC0-1.0,Paloria project,tools/generate_placeholders.py,current-runtime,Original asset generated by project tool (U4.2); no third-party pixels/samples. See docs/assets/receipts/u4.2-original-assets.md.
assets/fx/spark.png,VERIFIED,CC0-1.0,Paloria project,tools/generate_placeholders.py,current-runtime,Original asset generated by project tool (U4.2); no third-party pixels/samples. See docs/assets/receipts/u4.2-original-assets.md.
assets/fx/shadow.png,VERIFIED,CC0-1.0,Paloria project,tools/generate_placeholders.py,current-runtime,Original asset generated by project tool (U4.2); no third-party pixels/samples. See docs/assets/receipts/u4.2-original-assets.md.
assets/fx/light_radial.png,VERIFIED,CC0-1.0,Paloria project,tools/generate_placeholders.py,current-runtime,Original asset generated by project tool (U4.2); no third-party pixels/samples. See docs/assets/receipts/u4.2-original-assets.md.
assets/sfx/coin.wav,VERIFIED,CC0-1.0,Paloria project,tools/synthesize_audio.py,current-runtime,Original asset generated by project tool (U4.2); no third-party pixels/samples. See docs/assets/receipts/u4.2-original-assets.md.
assets/sfx/jump.wav,VERIFIED,CC0-1.0,Paloria project,tools/synthesize_audio.py,current-runtime,Original asset generated by project tool (U4.2); no third-party pixels/samples. See docs/assets/receipts/u4.2-original-assets.md.
assets/sfx/hit.wav,VERIFIED,CC0-1.0,Paloria project,tools/synthesize_audio.py,current-runtime,Original asset generated by project tool (U4.2); no third-party pixels/samples. See docs/assets/receipts/u4.2-original-assets.md.
assets/sfx/sword.wav,VERIFIED,CC0-1.0,Paloria project,tools/synthesize_audio.py,current-runtime,Original asset generated by project tool (U4.2); no third-party pixels/samples. See docs/assets/receipts/u4.2-original-assets.md.
assets/sfx/fireball.wav,VERIFIED,CC0-1.0,Paloria project,tools/synthesize_audio.py,current-runtime,Original asset generated by project tool (U4.2); no third-party pixels/samples. See docs/assets/receipts/u4.2-original-assets.md.
assets/sfx/alert.wav,VERIFIED,CC0-1.0,Paloria project,tools/synthesize_audio.py,current-runtime,Original asset generated by project tool (U4.2); no third-party pixels/samples. See docs/assets/receipts/u4.2-original-assets.md.
assets/sfx/powerup.wav,VERIFIED,CC0-1.0,Paloria project,tools/synthesize_audio.py,current-runtime,Original asset generated by project tool (U4.2); no third-party pixels/samples. See docs/assets/receipts/u4.2-original-assets.md.
assets/sfx/success.wav,VERIFIED,CC0-1.0,Paloria project,tools/synthesize_audio.py,current-runtime,Original asset generated by project tool (U4.2); no third-party pixels/samples. See docs/assets/receipts/u4.2-original-assets.md.
assets/music/adventure_begin.ogg,VERIFIED,CC0-1.0,Paloria project,tools/synthesize_audio.py,current-runtime,Original asset generated by project tool (U4.2); no third-party pixels/samples. See docs/assets/receipts/u4.2-original-assets.md.
assets/town/house_a.png,VERIFIED,CC0-1.0,Paloria project,tools/generate_town_art.py,current-runtime,Original town art generated by project tool (AT-B); no third-party pixels. See docs/assets/receipts/at-b-town-art.md.
assets/town/house_b.png,VERIFIED,CC0-1.0,Paloria project,tools/generate_town_art.py,current-runtime,Original town art generated by project tool (AT-B); no third-party pixels. See docs/assets/receipts/at-b-town-art.md.
assets/town/station_hall.png,VERIFIED,CC0-1.0,Paloria project,tools/generate_town_art.py,current-runtime,Original town art generated by project tool (AT-B); no third-party pixels. See docs/assets/receipts/at-b-town-art.md.
assets/town/clock_tower.png,VERIFIED,CC0-1.0,Paloria project,tools/generate_town_art.py,current-runtime,Original town art generated by project tool (AT-B); no third-party pixels. See docs/assets/receipts/at-b-town-art.md.
assets/town/platform.png,VERIFIED,CC0-1.0,Paloria project,tools/generate_town_art.py,current-runtime,Original town art generated by project tool (AT-B); no third-party pixels. See docs/assets/receipts/at-b-town-art.md.
assets/town/stall.png,VERIFIED,CC0-1.0,Paloria project,tools/generate_town_art.py,current-runtime,Original town art generated by project tool (AT-B); no third-party pixels. See docs/assets/receipts/at-b-town-art.md.
assets/town/bulletin.png,VERIFIED,CC0-1.0,Paloria project,tools/generate_town_art.py,current-runtime,Original town art generated by project tool (AT-B); no third-party pixels. See docs/assets/receipts/at-b-town-art.md.
assets/town/vending.png,VERIFIED,CC0-1.0,Paloria project,tools/generate_town_art.py,current-runtime,Original town art generated by project tool (AT-B); no third-party pixels. See docs/assets/receipts/at-b-town-art.md.
assets/town/torii.png,VERIFIED,CC0-1.0,Paloria project,tools/generate_town_art.py,current-runtime,Original town art generated by project tool (AT-B); no third-party pixels. See docs/assets/receipts/at-b-town-art.md.
assets/town/shrine_hall.png,VERIFIED,CC0-1.0,Paloria project,tools/generate_town_art.py,current-runtime,Original town art generated by project tool (AT-B); no third-party pixels. See docs/assets/receipts/at-b-town-art.md.
assets/town/stone_lantern.png,VERIFIED,CC0-1.0,Paloria project,tools/generate_town_art.py,current-runtime,Original town art generated by project tool (AT-B); no third-party pixels. See docs/assets/receipts/at-b-town-art.md.
assets/town/lake.png,VERIFIED,CC0-1.0,Paloria project,tools/generate_town_art.py,current-runtime,Original town art generated by project tool (AT-B); no third-party pixels. See docs/assets/receipts/at-b-town-art.md.
assets/town/bridge.png,VERIFIED,CC0-1.0,Paloria project,tools/generate_town_art.py,current-runtime,Original town art generated by project tool (AT-B); no third-party pixels. See docs/assets/receipts/at-b-town-art.md.
assets/town/dock.png,VERIFIED,CC0-1.0,Paloria project,tools/generate_town_art.py,current-runtime,Original town art generated by project tool (AT-B); no third-party pixels. See docs/assets/receipts/at-b-town-art.md.
assets/town/town_gate.png,VERIFIED,CC0-1.0,Paloria project,tools/generate_town_art.py,current-runtime,Original town art generated by project tool (AT-B); no third-party pixels. See docs/assets/receipts/at-b-town-art.md.
assets/town/power_pole.png,VERIFIED,CC0-1.0,Paloria project,tools/generate_town_art.py,current-runtime,Original town art generated by project tool (AT-B); no third-party pixels. See docs/assets/receipts/at-b-town-art.md.
assets/town/sakura_tree.png,VERIFIED,CC0-1.0,Paloria project,tools/generate_town_art.py,current-runtime,Original town art generated by project tool (AT-B); no third-party pixels. See docs/assets/receipts/at-b-town-art.md.
assets/town/stone_path.png,VERIFIED,CC0-1.0,Paloria project,tools/generate_town_art.py,current-runtime,Original town art generated by project tool (AT-B); no third-party pixels. See docs/assets/receipts/at-b-town-art.md.
assets/town/plaza_tile.png,VERIFIED,CC0-1.0,Paloria project,tools/generate_town_art.py,current-runtime,Original town art generated by project tool (AT-B); no third-party pixels. See docs/assets/receipts/at-b-town-art.md.
assets/hero/hero_sheet.png,VERIFIED,CC0-1.0,Paloria project,tools/generate_hero_art.py,current-runtime,Original hero/pet art generated by project tool (AT-D); no third-party pixels. See docs/assets/receipts/at-d-hero-art.md.
assets/hero/palfox_sheet.png,VERIFIED,CC0-1.0,Paloria project,tools/generate_hero_art.py,current-runtime,Original hero/pet art generated by project tool (AT-D); no third-party pixels. See docs/assets/receipts/at-d-hero-art.md.
